--
-- PostgreSQL database dump
--

\restrict RA75bDfDWs8BL08anOn0bYzr9TNt1HSkAhp0w7leyNFbyhnQZZR9H1vQb4BE4Lc

-- Dumped from database version 16.13
-- Dumped by pg_dump version 16.13

SET statement_timeout = 0;
SET lock_timeout = 0;
SET idle_in_transaction_session_timeout = 0;
SET client_encoding = 'UTF8';
SET standard_conforming_strings = on;
SELECT pg_catalog.set_config('search_path', '', false);
SET check_function_bodies = false;
SET xmloption = content;
SET client_min_messages = warning;
SET row_security = off;

--
-- Data for Name: bot_block_groups; Type: TABLE DATA; Schema: public; Owner: hideyou
--

INSERT INTO public.bot_block_groups (id, name, icon, sort_order, created_at, updated_at) VALUES ('cda65a58-b181-4944-ad36-f4d49979e604', '0. Точка входа', '🚀', 5, '2026-04-14 21:15:57.361', '2026-04-14 21:15:57.361') ON CONFLICT DO NOTHING;
INSERT INTO public.bot_block_groups (id, name, icon, sort_order, created_at, updated_at) VALUES ('902237b1-0d82-473b-9127-46e08cf785ba', '1. Онбординг', '🚪', 10, '2026-04-14 21:15:57.365', '2026-04-14 21:15:57.365') ON CONFLICT DO NOTHING;
INSERT INTO public.bot_block_groups (id, name, icon, sort_order, created_at, updated_at) VALUES ('b9b83adc-0513-498a-91cd-b172faa9badf', '2. Главное меню', '🏠', 20, '2026-04-14 21:15:57.368', '2026-04-14 21:15:57.368') ON CONFLICT DO NOTHING;
INSERT INTO public.bot_block_groups (id, name, icon, sort_order, created_at, updated_at) VALUES ('0a21b4ff-9f65-4c38-bee3-4cb6b136f8af', '3. Подписка', '🔑', 30, '2026-04-14 21:15:57.373', '2026-04-14 21:15:57.373') ON CONFLICT DO NOTHING;
INSERT INTO public.bot_block_groups (id, name, icon, sort_order, created_at, updated_at) VALUES ('4718d0e4-0b98-49f2-a838-12e38348508b', '4. Тарифы и оплата', '💳', 40, '2026-04-14 21:15:57.375', '2026-04-14 21:15:57.375') ON CONFLICT DO NOTHING;
INSERT INTO public.bot_block_groups (id, name, icon, sort_order, created_at, updated_at) VALUES ('f138d924-c6ad-4f99-80ef-4fd34cc3e73f', '5. Инструкции', '📱', 50, '2026-04-14 21:15:57.379', '2026-04-14 21:15:57.379') ON CONFLICT DO NOTHING;
INSERT INTO public.bot_block_groups (id, name, icon, sort_order, created_at, updated_at) VALUES ('da62168f-e14b-42ed-b8f4-c5381c0893ad', '6. Рефералы', '👥', 60, '2026-04-14 21:15:57.382', '2026-04-14 21:15:57.382') ON CONFLICT DO NOTHING;
INSERT INTO public.bot_block_groups (id, name, icon, sort_order, created_at, updated_at) VALUES ('8d726466-15e7-4a1f-b13f-f4256215a99b', '7. Баланс', '💰', 70, '2026-04-14 21:15:57.385', '2026-04-14 21:15:57.385') ON CONFLICT DO NOTHING;
INSERT INTO public.bot_block_groups (id, name, icon, sort_order, created_at, updated_at) VALUES ('859216bb-ab82-44b8-83e3-25b5f09904e9', '8. Промокод', '🎟', 80, '2026-04-14 21:15:57.389', '2026-04-14 21:15:57.389') ON CONFLICT DO NOTHING;
INSERT INTO public.bot_block_groups (id, name, icon, sort_order, created_at, updated_at) VALUES ('cb6532f4-a742-4400-adde-7b787260a853', '9. Поддержка', '🆘', 90, '2026-04-14 21:15:57.393', '2026-04-14 21:15:57.393') ON CONFLICT DO NOTHING;
INSERT INTO public.bot_block_groups (id, name, icon, sort_order, created_at, updated_at) VALUES ('12cfdc16-c6dd-42c7-9d2c-468189b1a08b', '10. Email и пароль', '📧', 100, '2026-04-14 21:15:57.397', '2026-04-14 21:15:57.397') ON CONFLICT DO NOTHING;
INSERT INTO public.bot_block_groups (id, name, icon, sort_order, created_at, updated_at) VALUES ('f852ccb2-ce16-43e9-994f-ff7488572941', '11. Профиль', '⚙️', 110, '2026-04-14 21:15:57.401', '2026-04-14 21:15:57.401') ON CONFLICT DO NOTHING;
INSERT INTO public.bot_block_groups (id, name, icon, sort_order, created_at, updated_at) VALUES ('a6e1a9eb-76ac-456d-acde-e7c8ad6aed4c', '12. Исходы оплаты', '✅', 120, '2026-04-14 21:15:57.425', '2026-04-14 21:15:57.425') ON CONFLICT DO NOTHING;


--
-- Data for Name: bot_blocks; Type: TABLE DATA; Schema: public; Owner: hideyou
--

INSERT INTO public.bot_blocks (id, name, group_id, type, text, media_url, media_type, parse_mode, pin_message, delete_prev, reply_keyboard, remove_reply_kb, condition_type, condition_value, condition_logic, conditions, next_block_true, next_block_false, action_type, action_value, next_block_id, input_prompt, input_var, input_validation, delay_minutes, delay_unit, split_variants, redirect_block_id, reaction_emoji, notify_admin_text, http_method, http_url, http_headers, http_body, http_save_var, email_subject, email_body, payment_title, payment_description, payment_amount, payment_payload, message_effect_id, streaming_text, gift_id, funnel_id, throttle_minutes, schedule_start, schedule_end, schedule_days, schedule_block_id, pos_x, pos_y, is_draft, version, published_at, sort_order, created_at, updated_at) VALUES ('d4fb9a9e-f8ad-460c-afb1-9c0357ffd488', 'Новый без оплат: email?', '902237b1-0d82-473b-9127-46e08cf785ba', 'CONDITION', NULL, NULL, NULL, 'Markdown', false, 'none', NULL, false, 'has_email', NULL, 'AND', NULL, '6052d376-bf7c-4022-8b81-11b7e3924fe8', 'b441e17c-082c-471e-aa5a-7951a324313c', NULL, NULL, NULL, NULL, NULL, NULL, NULL, 'minutes', NULL, NULL, NULL, NULL, NULL, NULL, NULL, NULL, NULL, NULL, NULL, NULL, NULL, NULL, NULL, NULL, NULL, NULL, NULL, NULL, NULL, NULL, NULL, NULL, 1760, 800, false, 1, '2026-04-14 21:15:57.428', 0, '2026-04-14 21:15:57.518', '2026-04-21 18:41:05.87') ON CONFLICT DO NOTHING;
INSERT INTO public.bot_blocks (id, name, group_id, type, text, media_url, media_type, parse_mode, pin_message, delete_prev, reply_keyboard, remove_reply_kb, condition_type, condition_value, condition_logic, conditions, next_block_true, next_block_false, action_type, action_value, next_block_id, input_prompt, input_var, input_validation, delay_minutes, delay_unit, split_variants, redirect_block_id, reaction_emoji, notify_admin_text, http_method, http_url, http_headers, http_body, http_save_var, email_subject, email_body, payment_title, payment_description, payment_amount, payment_payload, message_effect_id, streaming_text, gift_id, funnel_id, throttle_minutes, schedule_start, schedule_end, schedule_days, schedule_block_id, pos_x, pos_y, is_draft, version, published_at, sort_order, created_at, updated_at) VALUES ('878425f5-ce69-4011-979c-774dc81e87f8', '🔄 Миграционный баннер', 'cda65a58-b181-4944-ad36-f4d49979e604', 'MESSAGE', '🔄 *Бот обновился!*

Все подписки, оплаты и история — на месте.
Новое меню удобнее старого, попробуйте 👇', NULL, NULL, 'Markdown', false, 'none', NULL, false, NULL, NULL, 'AND', NULL, NULL, NULL, NULL, NULL, NULL, NULL, NULL, NULL, NULL, 'minutes', NULL, NULL, NULL, NULL, NULL, NULL, NULL, NULL, NULL, NULL, NULL, NULL, NULL, NULL, NULL, NULL, NULL, NULL, NULL, NULL, NULL, NULL, NULL, NULL, 2240, 400, false, 1, '2026-04-14 21:15:57.428', 0, '2026-04-14 21:15:57.459', '2026-04-21 18:41:05.897') ON CONFLICT DO NOTHING;
INSERT INTO public.bot_blocks (id, name, group_id, type, text, media_url, media_type, parse_mode, pin_message, delete_prev, reply_keyboard, remove_reply_kb, condition_type, condition_value, condition_logic, conditions, next_block_true, next_block_false, action_type, action_value, next_block_id, input_prompt, input_var, input_validation, delay_minutes, delay_unit, split_variants, redirect_block_id, reaction_emoji, notify_admin_text, http_method, http_url, http_headers, http_body, http_save_var, email_subject, email_body, payment_title, payment_description, payment_amount, payment_payload, message_effect_id, streaming_text, gift_id, funnel_id, throttle_minutes, schedule_start, schedule_end, schedule_days, schedule_block_id, pos_x, pos_y, is_draft, version, published_at, sort_order, created_at, updated_at) VALUES ('cf270596-3ba7-4e8d-a120-c4c0a2ce11a3', 'Ввод текста тикета', 'cb6532f4-a742-4400-adde-7b787260a853', 'INPUT', '📝 *Опишите проблему*

Чем подробнее — тем быстрее поможем:', NULL, NULL, 'Markdown', false, 'none', NULL, false, NULL, NULL, 'AND', NULL, NULL, NULL, NULL, NULL, '89e32cec-1b06-4764-a42c-3ca7e415eb44', 'Опишите проблему', 'ticket_body', NULL, NULL, 'minutes', NULL, NULL, NULL, NULL, NULL, NULL, NULL, NULL, NULL, NULL, NULL, NULL, NULL, NULL, NULL, NULL, NULL, NULL, NULL, NULL, NULL, NULL, NULL, NULL, 3200, 600, false, 1, '2026-04-14 21:15:57.428', 0, '2026-04-14 21:15:57.712', '2026-04-21 18:41:05.948') ON CONFLICT DO NOTHING;
INSERT INTO public.bot_blocks (id, name, group_id, type, text, media_url, media_type, parse_mode, pin_message, delete_prev, reply_keyboard, remove_reply_kb, condition_type, condition_value, condition_logic, conditions, next_block_true, next_block_false, action_type, action_value, next_block_id, input_prompt, input_var, input_validation, delay_minutes, delay_unit, split_variants, redirect_block_id, reaction_emoji, notify_admin_text, http_method, http_url, http_headers, http_body, http_save_var, email_subject, email_body, payment_title, payment_description, payment_amount, payment_payload, message_effect_id, streaming_text, gift_id, funnel_id, throttle_minutes, schedule_start, schedule_end, schedule_days, schedule_block_id, pos_x, pos_y, is_draft, version, published_at, sort_order, created_at, updated_at) VALUES ('6052d376-bf7c-4022-8b81-11b7e3924fe8', 'Новый с email — сразу триал', '902237b1-0d82-473b-9127-46e08cf785ba', 'MESSAGE', '👋 *Привет, {name}!*

HIDEYOU VPN — готовы начать?

🎁 У вас есть бесплатный пробный период на *{trialDays} дня*.', NULL, NULL, 'Markdown', false, 'none', NULL, false, NULL, NULL, 'AND', NULL, NULL, NULL, NULL, NULL, NULL, NULL, NULL, NULL, NULL, 'minutes', NULL, NULL, NULL, NULL, NULL, NULL, NULL, NULL, NULL, NULL, NULL, NULL, NULL, NULL, NULL, NULL, NULL, NULL, NULL, NULL, NULL, NULL, NULL, NULL, 1600, 1000, false, 1, '2026-04-14 21:15:57.428', 0, '2026-04-14 21:15:57.564', '2026-04-21 18:41:05.958') ON CONFLICT DO NOTHING;
INSERT INTO public.bot_blocks (id, name, group_id, type, text, media_url, media_type, parse_mode, pin_message, delete_prev, reply_keyboard, remove_reply_kb, condition_type, condition_value, condition_logic, conditions, next_block_true, next_block_false, action_type, action_value, next_block_id, input_prompt, input_var, input_validation, delay_minutes, delay_unit, split_variants, redirect_block_id, reaction_emoji, notify_admin_text, http_method, http_url, http_headers, http_body, http_save_var, email_subject, email_body, payment_title, payment_description, payment_amount, payment_payload, message_effect_id, streaming_text, gift_id, funnel_id, throttle_minutes, schedule_start, schedule_end, schedule_days, schedule_block_id, pos_x, pos_y, is_draft, version, published_at, sort_order, created_at, updated_at) VALUES ('beeb8736-f5d1-49a4-9ad3-ebc06500cb10', 'Есть подписка: email?', '902237b1-0d82-473b-9127-46e08cf785ba', 'CONDITION', NULL, NULL, NULL, 'Markdown', false, 'none', NULL, false, 'has_email', NULL, 'AND', NULL, '38f9af10-1627-4354-a371-25551ff8ae7a', '3b1bd8e4-0802-4e53-bde9-d16fe8d580c0', NULL, NULL, NULL, NULL, NULL, NULL, NULL, 'minutes', NULL, NULL, NULL, NULL, NULL, NULL, NULL, NULL, NULL, NULL, NULL, NULL, NULL, NULL, NULL, NULL, NULL, NULL, NULL, NULL, NULL, NULL, NULL, NULL, 800, 600, false, 1, '2026-04-14 21:15:57.428', 0, '2026-04-14 21:15:57.49', '2026-04-21 18:41:05.972') ON CONFLICT DO NOTHING;
INSERT INTO public.bot_blocks (id, name, group_id, type, text, media_url, media_type, parse_mode, pin_message, delete_prev, reply_keyboard, remove_reply_kb, condition_type, condition_value, condition_logic, conditions, next_block_true, next_block_false, action_type, action_value, next_block_id, input_prompt, input_var, input_validation, delay_minutes, delay_unit, split_variants, redirect_block_id, reaction_emoji, notify_admin_text, http_method, http_url, http_headers, http_body, http_save_var, email_subject, email_body, payment_title, payment_description, payment_amount, payment_payload, message_effect_id, streaming_text, gift_id, funnel_id, throttle_minutes, schedule_start, schedule_end, schedule_days, schedule_block_id, pos_x, pos_y, is_draft, version, published_at, sort_order, created_at, updated_at) VALUES ('b0449535-8055-4a4b-958e-fda01ad075d5', 'Ввод темы тикета', 'cb6532f4-a742-4400-adde-7b787260a853', 'INPUT', '📝 *Создание обращения*

Кратко опишите тему (до 200 символов):', NULL, NULL, 'Markdown', false, 'none', NULL, false, NULL, NULL, 'AND', NULL, NULL, NULL, NULL, NULL, 'cf270596-3ba7-4e8d-a120-c4c0a2ce11a3', 'Введите тему', 'ticket_subject', NULL, NULL, 'minutes', NULL, NULL, NULL, NULL, NULL, NULL, NULL, NULL, NULL, NULL, NULL, NULL, NULL, NULL, NULL, NULL, NULL, NULL, NULL, NULL, NULL, NULL, NULL, NULL, 3200, 400, false, 1, '2026-04-14 21:15:57.428', 0, '2026-04-14 21:15:57.706', '2026-04-21 18:41:05.981') ON CONFLICT DO NOTHING;
INSERT INTO public.bot_blocks (id, name, group_id, type, text, media_url, media_type, parse_mode, pin_message, delete_prev, reply_keyboard, remove_reply_kb, condition_type, condition_value, condition_logic, conditions, next_block_true, next_block_false, action_type, action_value, next_block_id, input_prompt, input_var, input_validation, delay_minutes, delay_unit, split_variants, redirect_block_id, reaction_emoji, notify_admin_text, http_method, http_url, http_headers, http_body, http_save_var, email_subject, email_body, payment_title, payment_description, payment_amount, payment_payload, message_effect_id, streaming_text, gift_id, funnel_id, throttle_minutes, schedule_start, schedule_end, schedule_days, schedule_block_id, pos_x, pos_y, is_draft, version, published_at, sort_order, created_at, updated_at) VALUES ('69ac9446-3868-44a3-a9ad-5faed903d54d', 'Revoke готово', '0a21b4ff-9f65-4c38-bee3-4cb6b136f8af', 'MESSAGE', '✅ *Ссылка обновлена!*

Новая ссылка:
`{subLink}`

Переподключите устройства.', NULL, NULL, 'Markdown', false, 'none', NULL, false, NULL, NULL, 'AND', NULL, NULL, NULL, NULL, NULL, NULL, NULL, NULL, NULL, NULL, 'minutes', NULL, NULL, NULL, NULL, NULL, NULL, NULL, NULL, NULL, NULL, NULL, NULL, NULL, NULL, NULL, NULL, NULL, NULL, NULL, NULL, NULL, NULL, NULL, NULL, 4911, 14, false, 1, '2026-04-14 21:15:57.428', 0, '2026-04-14 21:15:57.656', '2026-04-21 18:42:54.793') ON CONFLICT DO NOTHING;
INSERT INTO public.bot_blocks (id, name, group_id, type, text, media_url, media_type, parse_mode, pin_message, delete_prev, reply_keyboard, remove_reply_kb, condition_type, condition_value, condition_logic, conditions, next_block_true, next_block_false, action_type, action_value, next_block_id, input_prompt, input_var, input_validation, delay_minutes, delay_unit, split_variants, redirect_block_id, reaction_emoji, notify_admin_text, http_method, http_url, http_headers, http_body, http_save_var, email_subject, email_body, payment_title, payment_description, payment_amount, payment_payload, message_effect_id, streaming_text, gift_id, funnel_id, throttle_minutes, schedule_start, schedule_end, schedule_days, schedule_block_id, pos_x, pos_y, is_draft, version, published_at, sort_order, created_at, updated_at) VALUES ('812c09a6-13da-4b2a-90d6-65ac105e90ee', 'Видел ли миграцию?', 'cda65a58-b181-4944-ad36-f4d49979e604', 'CONDITION', NULL, NULL, NULL, 'Markdown', false, 'none', NULL, false, 'has_var', 'seen_migration', 'AND', NULL, '61ed04ce-fe12-441f-a2d1-5e0366d3ae29', '878425f5-ce69-4011-979c-774dc81e87f8', NULL, NULL, NULL, NULL, NULL, NULL, NULL, 'minutes', NULL, NULL, NULL, NULL, NULL, NULL, NULL, NULL, NULL, NULL, NULL, NULL, NULL, NULL, NULL, NULL, NULL, NULL, NULL, NULL, NULL, NULL, NULL, NULL, 1287, 174, false, 1, '2026-04-14 21:15:57.428', 0, '2026-04-14 21:15:57.45', '2026-04-21 18:44:16.254') ON CONFLICT DO NOTHING;
INSERT INTO public.bot_blocks (id, name, group_id, type, text, media_url, media_type, parse_mode, pin_message, delete_prev, reply_keyboard, remove_reply_kb, condition_type, condition_value, condition_logic, conditions, next_block_true, next_block_false, action_type, action_value, next_block_id, input_prompt, input_var, input_validation, delay_minutes, delay_unit, split_variants, redirect_block_id, reaction_emoji, notify_admin_text, http_method, http_url, http_headers, http_body, http_save_var, email_subject, email_body, payment_title, payment_description, payment_amount, payment_payload, message_effect_id, streaming_text, gift_id, funnel_id, throttle_minutes, schedule_start, schedule_end, schedule_days, schedule_block_id, pos_x, pos_y, is_draft, version, published_at, sort_order, created_at, updated_at) VALUES ('b85aece5-41eb-4bc1-b72d-1ab9921b599e', '🔄 Sync подписки из RW', 'cda65a58-b181-4944-ad36-f4d49979e604', 'ACTION', NULL, NULL, NULL, 'Markdown', false, 'none', NULL, false, NULL, NULL, 'AND', NULL, NULL, NULL, 'refresh_subscription', NULL, '812c09a6-13da-4b2a-90d6-65ac105e90ee', NULL, NULL, NULL, NULL, 'minutes', NULL, NULL, NULL, NULL, NULL, NULL, NULL, NULL, NULL, NULL, NULL, NULL, NULL, NULL, NULL, NULL, NULL, NULL, NULL, NULL, NULL, NULL, NULL, NULL, 1440, 0, false, 1, '2026-04-14 21:15:57.428', 0, '2026-04-14 21:15:57.445', '2026-04-21 18:41:06.022') ON CONFLICT DO NOTHING;
INSERT INTO public.bot_blocks (id, name, group_id, type, text, media_url, media_type, parse_mode, pin_message, delete_prev, reply_keyboard, remove_reply_kb, condition_type, condition_value, condition_logic, conditions, next_block_true, next_block_false, action_type, action_value, next_block_id, input_prompt, input_var, input_validation, delay_minutes, delay_unit, split_variants, redirect_block_id, reaction_emoji, notify_admin_text, http_method, http_url, http_headers, http_body, http_save_var, email_subject, email_body, payment_title, payment_description, payment_amount, payment_payload, message_effect_id, streaming_text, gift_id, funnel_id, throttle_minutes, schedule_start, schedule_end, schedule_days, schedule_block_id, pos_x, pos_y, is_draft, version, published_at, sort_order, created_at, updated_at) VALUES ('a39ee4ca-f05c-4874-a280-6fb60f682d10', 'Отметить миграцию виденной', 'cda65a58-b181-4944-ad36-f4d49979e604', 'ACTION', NULL, NULL, NULL, 'Markdown', false, 'none', NULL, false, NULL, NULL, 'AND', NULL, NULL, NULL, 'set_var', 'seen_migration=1', '61ed04ce-fe12-441f-a2d1-5e0366d3ae29', NULL, NULL, NULL, NULL, 'minutes', NULL, NULL, NULL, NULL, NULL, NULL, NULL, NULL, NULL, NULL, NULL, NULL, NULL, NULL, NULL, NULL, NULL, NULL, NULL, NULL, NULL, NULL, NULL, NULL, 2240, 600, false, 1, '2026-04-14 21:15:57.428', 0, '2026-04-14 21:15:57.473', '2026-04-21 18:41:06.036') ON CONFLICT DO NOTHING;
INSERT INTO public.bot_blocks (id, name, group_id, type, text, media_url, media_type, parse_mode, pin_message, delete_prev, reply_keyboard, remove_reply_kb, condition_type, condition_value, condition_logic, conditions, next_block_true, next_block_false, action_type, action_value, next_block_id, input_prompt, input_var, input_validation, delay_minutes, delay_unit, split_variants, redirect_block_id, reaction_emoji, notify_admin_text, http_method, http_url, http_headers, http_body, http_save_var, email_subject, email_body, payment_title, payment_description, payment_amount, payment_payload, message_effect_id, streaming_text, gift_id, funnel_id, throttle_minutes, schedule_start, schedule_end, schedule_days, schedule_block_id, pos_x, pos_y, is_draft, version, published_at, sort_order, created_at, updated_at) VALUES ('3b1bd8e4-0802-4e53-bde9-d16fe8d580c0', 'Нет email — предупреждение', '902237b1-0d82-473b-9127-46e08cf785ba', 'MESSAGE', '⚠️ *{name}, ваша подписка активна, но email НЕ привязан*

Если Telegram заблокируют — вы потеряете возможность оплачивать и продлевать подписку.

💡 Привяжите email сейчас — это займёт 1 минуту, а вы получите резервный доступ к ЛК через браузер.', NULL, NULL, 'Markdown', false, 'none', NULL, false, NULL, NULL, 'AND', NULL, NULL, NULL, NULL, NULL, NULL, NULL, NULL, NULL, NULL, 'minutes', NULL, NULL, NULL, NULL, NULL, NULL, NULL, NULL, NULL, NULL, NULL, NULL, NULL, NULL, NULL, NULL, NULL, NULL, NULL, NULL, NULL, NULL, NULL, NULL, 819, 740, false, 1, '2026-04-14 21:15:57.428', 0, '2026-04-14 21:15:57.505', '2026-04-21 18:43:55.358') ON CONFLICT DO NOTHING;
INSERT INTO public.bot_blocks (id, name, group_id, type, text, media_url, media_type, parse_mode, pin_message, delete_prev, reply_keyboard, remove_reply_kb, condition_type, condition_value, condition_logic, conditions, next_block_true, next_block_false, action_type, action_value, next_block_id, input_prompt, input_var, input_validation, delay_minutes, delay_unit, split_variants, redirect_block_id, reaction_emoji, notify_admin_text, http_method, http_url, http_headers, http_body, http_save_var, email_subject, email_body, payment_title, payment_description, payment_amount, payment_payload, message_effect_id, streaming_text, gift_id, funnel_id, throttle_minutes, schedule_start, schedule_end, schedule_days, schedule_block_id, pos_x, pos_y, is_draft, version, published_at, sort_order, created_at, updated_at) VALUES ('3dbde6fa-6708-4737-8e65-125d17cbfa39', '🚀 Splash для новых юзеров', 'cda65a58-b181-4944-ad36-f4d49979e604', 'MESSAGE', '🛡 *HIDEYOU VPN*

Быстрый, стабильный и приватный VPN.
Без автопродления, без скрытых платежей.
Работает в любой точке мира 🌍

🎁 Попробуйте *{trialDays} дня бесплатно* — без привязки карты и обязательств.

Нажмите кнопку ниже и через 5 секунд у вас будет активный VPN:', NULL, NULL, 'Markdown', false, 'none', NULL, false, NULL, NULL, 'AND', NULL, NULL, NULL, NULL, NULL, NULL, NULL, NULL, NULL, NULL, 'minutes', NULL, NULL, NULL, NULL, NULL, NULL, NULL, NULL, NULL, NULL, NULL, NULL, NULL, NULL, NULL, NULL, NULL, NULL, NULL, NULL, NULL, NULL, NULL, NULL, 0, 0, false, 1, '2026-04-14 21:15:57.428', 0, '2026-04-14 21:15:57.432', '2026-04-21 18:41:05.838') ON CONFLICT DO NOTHING;
INSERT INTO public.bot_blocks (id, name, group_id, type, text, media_url, media_type, parse_mode, pin_message, delete_prev, reply_keyboard, remove_reply_kb, condition_type, condition_value, condition_logic, conditions, next_block_true, next_block_false, action_type, action_value, next_block_id, input_prompt, input_var, input_validation, delay_minutes, delay_unit, split_variants, redirect_block_id, reaction_emoji, notify_admin_text, http_method, http_url, http_headers, http_body, http_save_var, email_subject, email_body, payment_title, payment_description, payment_amount, payment_payload, message_effect_id, streaming_text, gift_id, funnel_id, throttle_minutes, schedule_start, schedule_end, schedule_days, schedule_block_id, pos_x, pos_y, is_draft, version, published_at, sort_order, created_at, updated_at) VALUES ('61ed04ce-fe12-441f-a2d1-5e0366d3ae29', '/start роутер', '902237b1-0d82-473b-9127-46e08cf785ba', 'CONDITION', NULL, NULL, NULL, 'Markdown', false, 'none', NULL, false, 'has_sub', NULL, 'AND', NULL, 'beeb8736-f5d1-49a4-9ad3-ebc06500cb10', '58085469-711f-4572-bfcf-d0568d114017', NULL, NULL, NULL, NULL, NULL, NULL, NULL, 'minutes', NULL, NULL, NULL, NULL, NULL, NULL, NULL, NULL, NULL, NULL, NULL, NULL, NULL, NULL, NULL, NULL, NULL, NULL, NULL, NULL, NULL, NULL, NULL, NULL, 1230, 387, false, 1, '2026-04-14 21:15:57.428', 0, '2026-04-14 21:15:57.483', '2026-04-21 18:44:17.368') ON CONFLICT DO NOTHING;
INSERT INTO public.bot_blocks (id, name, group_id, type, text, media_url, media_type, parse_mode, pin_message, delete_prev, reply_keyboard, remove_reply_kb, condition_type, condition_value, condition_logic, conditions, next_block_true, next_block_false, action_type, action_value, next_block_id, input_prompt, input_var, input_validation, delay_minutes, delay_unit, split_variants, redirect_block_id, reaction_emoji, notify_admin_text, http_method, http_url, http_headers, http_body, http_save_var, email_subject, email_body, payment_title, payment_description, payment_amount, payment_payload, message_effect_id, streaming_text, gift_id, funnel_id, throttle_minutes, schedule_start, schedule_end, schedule_days, schedule_block_id, pos_x, pos_y, is_draft, version, published_at, sort_order, created_at, updated_at) VALUES ('58085469-711f-4572-bfcf-d0568d114017', 'Нет подписки: раньше платил?', '902237b1-0d82-473b-9127-46e08cf785ba', 'CONDITION', NULL, NULL, NULL, 'Markdown', false, 'none', NULL, false, 'payments_gt_0', NULL, 'AND', NULL, '64189336-0b8a-4b74-a882-4a2083bc97a3', 'd4fb9a9e-f8ad-460c-afb1-9c0357ffd488', NULL, NULL, NULL, NULL, NULL, NULL, NULL, 'minutes', NULL, NULL, NULL, NULL, NULL, NULL, NULL, NULL, NULL, NULL, NULL, NULL, NULL, NULL, NULL, NULL, NULL, NULL, NULL, NULL, NULL, NULL, NULL, NULL, 1600, 600, false, 1, '2026-04-14 21:15:57.428', 0, '2026-04-14 21:15:57.511', '2026-04-21 18:41:05.849') ON CONFLICT DO NOTHING;
INSERT INTO public.bot_blocks (id, name, group_id, type, text, media_url, media_type, parse_mode, pin_message, delete_prev, reply_keyboard, remove_reply_kb, condition_type, condition_value, condition_logic, conditions, next_block_true, next_block_false, action_type, action_value, next_block_id, input_prompt, input_var, input_validation, delay_minutes, delay_unit, split_variants, redirect_block_id, reaction_emoji, notify_admin_text, http_method, http_url, http_headers, http_body, http_save_var, email_subject, email_body, payment_title, payment_description, payment_amount, payment_payload, message_effect_id, streaming_text, gift_id, funnel_id, throttle_minutes, schedule_start, schedule_end, schedule_days, schedule_block_id, pos_x, pos_y, is_draft, version, published_at, sort_order, created_at, updated_at) VALUES ('a09787ce-0620-4feb-84c5-dcdf8a2194c4', '👥 Рефералы', 'da62168f-e14b-42ed-b8f4-c5381c0893ad', 'MESSAGE', '👥 *Реферальная программа*

Приглашайте друзей — получайте *+{trialDays} дня* подписки за каждого оплатившего.

📊 Приглашено: *{referralCount}*
💰 Оплатили: *{referralPaidCount}*

🔗 Ваша реферальная ссылка:
`{referralUrl}`', NULL, NULL, 'Markdown', false, 'none', NULL, false, NULL, NULL, 'AND', NULL, NULL, NULL, NULL, NULL, NULL, NULL, NULL, NULL, NULL, 'minutes', NULL, NULL, NULL, NULL, NULL, NULL, NULL, NULL, NULL, NULL, NULL, NULL, NULL, NULL, NULL, NULL, NULL, NULL, NULL, NULL, NULL, NULL, NULL, NULL, 4160, 400, false, 1, '2026-04-14 21:15:57.428', 0, '2026-04-14 21:15:57.677', '2026-04-21 18:41:05.907') ON CONFLICT DO NOTHING;
INSERT INTO public.bot_blocks (id, name, group_id, type, text, media_url, media_type, parse_mode, pin_message, delete_prev, reply_keyboard, remove_reply_kb, condition_type, condition_value, condition_logic, conditions, next_block_true, next_block_false, action_type, action_value, next_block_id, input_prompt, input_var, input_validation, delay_minutes, delay_unit, split_variants, redirect_block_id, reaction_emoji, notify_admin_text, http_method, http_url, http_headers, http_body, http_save_var, email_subject, email_body, payment_title, payment_description, payment_amount, payment_payload, message_effect_id, streaming_text, gift_id, funnel_id, throttle_minutes, schedule_start, schedule_end, schedule_days, schedule_block_id, pos_x, pos_y, is_draft, version, published_at, sort_order, created_at, updated_at) VALUES ('586bb9ab-d491-46f5-85d8-3654ead21d46', '❌ Оплата не прошла', 'a6e1a9eb-76ac-456d-acde-e7c8ad6aed4c', 'PAYMENT_FAIL', '❌ *Оплата не прошла*

Если деньги списались, но доступ не активировался — напишите в поддержку, мы разберёмся.', NULL, NULL, 'Markdown', false, 'none', NULL, false, NULL, NULL, 'AND', NULL, NULL, NULL, NULL, NULL, NULL, NULL, NULL, NULL, NULL, 'minutes', NULL, NULL, NULL, NULL, NULL, NULL, NULL, NULL, NULL, NULL, NULL, NULL, NULL, NULL, NULL, NULL, NULL, NULL, NULL, NULL, NULL, NULL, NULL, NULL, 3114, -289, false, 1, '2026-04-14 21:15:57.428', 0, '2026-04-14 21:15:57.785', '2026-04-21 18:42:26.868') ON CONFLICT DO NOTHING;
INSERT INTO public.bot_blocks (id, name, group_id, type, text, media_url, media_type, parse_mode, pin_message, delete_prev, reply_keyboard, remove_reply_kb, condition_type, condition_value, condition_logic, conditions, next_block_true, next_block_false, action_type, action_value, next_block_id, input_prompt, input_var, input_validation, delay_minutes, delay_unit, split_variants, redirect_block_id, reaction_emoji, notify_admin_text, http_method, http_url, http_headers, http_body, http_save_var, email_subject, email_body, payment_title, payment_description, payment_amount, payment_payload, message_effect_id, streaming_text, gift_id, funnel_id, throttle_minutes, schedule_start, schedule_end, schedule_days, schedule_block_id, pos_x, pos_y, is_draft, version, published_at, sort_order, created_at, updated_at) VALUES ('89a30fb3-0d77-4b61-a6c7-b21e99adce68', 'Подписка активна', '0a21b4ff-9f65-4c38-bee3-4cb6b136f8af', 'MESSAGE', '🔑 *Ваша подписка*

📊 Статус: *{subStatus}*
📅 До: *{subExpireDate}* ({daysLeft} дн)
📦 Трафик: {trafficUsed} / {trafficLimit}
📱 Устройств: {deviceCount} / {deviceLimit}

🔗 Подписка-ссылка:
`{subLink}`', NULL, NULL, 'Markdown', false, 'none', NULL, false, NULL, NULL, 'AND', NULL, NULL, NULL, NULL, NULL, NULL, NULL, NULL, NULL, NULL, 'minutes', NULL, NULL, NULL, NULL, NULL, NULL, NULL, NULL, NULL, NULL, NULL, NULL, NULL, NULL, NULL, NULL, NULL, NULL, NULL, NULL, NULL, NULL, NULL, NULL, 4612, -212, false, 1, '2026-04-14 21:15:57.428', 0, '2026-04-14 21:15:57.625', '2026-04-21 18:42:54.805') ON CONFLICT DO NOTHING;
INSERT INTO public.bot_blocks (id, name, group_id, type, text, media_url, media_type, parse_mode, pin_message, delete_prev, reply_keyboard, remove_reply_kb, condition_type, condition_value, condition_logic, conditions, next_block_true, next_block_false, action_type, action_value, next_block_id, input_prompt, input_var, input_validation, delay_minutes, delay_unit, split_variants, redirect_block_id, reaction_emoji, notify_admin_text, http_method, http_url, http_headers, http_body, http_save_var, email_subject, email_body, payment_title, payment_description, payment_amount, payment_payload, message_effect_id, streaming_text, gift_id, funnel_id, throttle_minutes, schedule_start, schedule_end, schedule_days, schedule_block_id, pos_x, pos_y, is_draft, version, published_at, sort_order, created_at, updated_at) VALUES ('f85592ff-6497-4420-a5b3-6c3565d2f8d4', 'Нет подписки', '0a21b4ff-9f65-4c38-bee3-4cb6b136f8af', 'MESSAGE', '🔒 *Нет активной подписки*

Выберите тариф чтобы начать пользоваться VPN:', NULL, NULL, 'Markdown', false, 'none', NULL, false, NULL, NULL, 'AND', NULL, NULL, NULL, NULL, NULL, NULL, NULL, NULL, NULL, NULL, 'minutes', NULL, NULL, NULL, NULL, NULL, NULL, NULL, NULL, NULL, NULL, NULL, NULL, NULL, NULL, NULL, NULL, NULL, NULL, NULL, NULL, NULL, NULL, NULL, NULL, 4932, -212, false, 1, '2026-04-14 21:15:57.428', 0, '2026-04-14 21:15:57.632', '2026-04-21 18:42:54.811') ON CONFLICT DO NOTHING;
INSERT INTO public.bot_blocks (id, name, group_id, type, text, media_url, media_type, parse_mode, pin_message, delete_prev, reply_keyboard, remove_reply_kb, condition_type, condition_value, condition_logic, conditions, next_block_true, next_block_false, action_type, action_value, next_block_id, input_prompt, input_var, input_validation, delay_minutes, delay_unit, split_variants, redirect_block_id, reaction_emoji, notify_admin_text, http_method, http_url, http_headers, http_body, http_save_var, email_subject, email_body, payment_title, payment_description, payment_amount, payment_payload, message_effect_id, streaming_text, gift_id, funnel_id, throttle_minutes, schedule_start, schedule_end, schedule_days, schedule_block_id, pos_x, pos_y, is_draft, version, published_at, sort_order, created_at, updated_at) VALUES ('68218aed-f757-45ee-ac05-83f8cda7e7f5', '⚙️ Профиль', 'f852ccb2-ce16-43e9-994f-ff7488572941', 'MESSAGE', '⚙️ *Ваш профиль*

👤 Имя: {name}
📧 Email: {email}
💬 Telegram: @{telegramName}
💰 Баланс: {balance} ₽
🎁 Бонус-дней: {bonusDays}
💳 Всего оплат: {paymentsCount} на {totalPaid} ₽', NULL, NULL, 'Markdown', false, 'none', NULL, false, NULL, NULL, 'AND', NULL, NULL, NULL, NULL, NULL, NULL, NULL, NULL, NULL, NULL, 'minutes', NULL, NULL, NULL, NULL, NULL, NULL, NULL, NULL, NULL, NULL, NULL, NULL, NULL, NULL, NULL, NULL, NULL, NULL, NULL, NULL, NULL, NULL, NULL, NULL, 2880, 400, false, 1, '2026-04-14 21:15:57.428', 0, '2026-04-14 21:15:57.773', '2026-04-21 18:10:53.389') ON CONFLICT DO NOTHING;
INSERT INTO public.bot_blocks (id, name, group_id, type, text, media_url, media_type, parse_mode, pin_message, delete_prev, reply_keyboard, remove_reply_kb, condition_type, condition_value, condition_logic, conditions, next_block_true, next_block_false, action_type, action_value, next_block_id, input_prompt, input_var, input_validation, delay_minutes, delay_unit, split_variants, redirect_block_id, reaction_emoji, notify_admin_text, http_method, http_url, http_headers, http_body, http_save_var, email_subject, email_body, payment_title, payment_description, payment_amount, payment_payload, message_effect_id, streaming_text, gift_id, funnel_id, throttle_minutes, schedule_start, schedule_end, schedule_days, schedule_block_id, pos_x, pos_y, is_draft, version, published_at, sort_order, created_at, updated_at) VALUES ('5cdc9a17-ab00-4227-9d35-c3929e66f96b', '💳 Список тарифов', '4718d0e4-0b98-49f2-a838-12e38348508b', 'TARIFF_LIST', '💳 *Выберите тариф:*

Все тарифы без автопродления и скрытых платежей. После оплаты подписка активируется сразу.', NULL, NULL, 'Markdown', false, 'none', NULL, false, NULL, NULL, 'AND', NULL, NULL, NULL, NULL, NULL, NULL, NULL, NULL, NULL, NULL, 'minutes', NULL, NULL, NULL, NULL, NULL, NULL, NULL, NULL, NULL, NULL, NULL, NULL, NULL, NULL, NULL, NULL, NULL, NULL, NULL, NULL, NULL, NULL, NULL, NULL, 640, 200, false, 1, '2026-04-14 21:15:57.428', 0, '2026-04-14 21:15:57.663', '2026-04-21 18:44:10.648') ON CONFLICT DO NOTHING;
INSERT INTO public.bot_blocks (id, name, group_id, type, text, media_url, media_type, parse_mode, pin_message, delete_prev, reply_keyboard, remove_reply_kb, condition_type, condition_value, condition_logic, conditions, next_block_true, next_block_false, action_type, action_value, next_block_id, input_prompt, input_var, input_validation, delay_minutes, delay_unit, split_variants, redirect_block_id, reaction_emoji, notify_admin_text, http_method, http_url, http_headers, http_body, http_save_var, email_subject, email_body, payment_title, payment_description, payment_amount, payment_payload, message_effect_id, streaming_text, gift_id, funnel_id, throttle_minutes, schedule_start, schedule_end, schedule_days, schedule_block_id, pos_x, pos_y, is_draft, version, published_at, sort_order, created_at, updated_at) VALUES ('2b8d6210-adbd-46c6-ae14-fcaac54e7e3b', '✅ Оплата прошла', 'a6e1a9eb-76ac-456d-acde-e7c8ad6aed4c', 'PAYMENT_SUCCESS', '✅ *Оплата подтверждена!*

{name}, подписка активна до *{subExpireDate}* ({daysLeft} дн).

Теперь подключите VPN:', NULL, NULL, 'Markdown', false, 'none', NULL, false, NULL, NULL, 'AND', NULL, NULL, NULL, NULL, NULL, NULL, NULL, NULL, NULL, NULL, 'minutes', NULL, NULL, NULL, NULL, NULL, NULL, NULL, NULL, NULL, NULL, NULL, NULL, NULL, NULL, NULL, NULL, NULL, NULL, NULL, NULL, NULL, NULL, NULL, NULL, 3373, -294, false, 1, '2026-04-14 21:15:57.428', 0, '2026-04-14 21:15:57.78', '2026-04-21 18:42:26.862') ON CONFLICT DO NOTHING;
INSERT INTO public.bot_blocks (id, name, group_id, type, text, media_url, media_type, parse_mode, pin_message, delete_prev, reply_keyboard, remove_reply_kb, condition_type, condition_value, condition_logic, conditions, next_block_true, next_block_false, action_type, action_value, next_block_id, input_prompt, input_var, input_validation, delay_minutes, delay_unit, split_variants, redirect_block_id, reaction_emoji, notify_admin_text, http_method, http_url, http_headers, http_body, http_save_var, email_subject, email_body, payment_title, payment_description, payment_amount, payment_payload, message_effect_id, streaming_text, gift_id, funnel_id, throttle_minutes, schedule_start, schedule_end, schedule_days, schedule_block_id, pos_x, pos_y, is_draft, version, published_at, sort_order, created_at, updated_at) VALUES ('1a20cdb4-a346-462d-aaa5-fea7f78c70b1', 'Триал активирован', '902237b1-0d82-473b-9127-46e08cf785ba', 'ACTION', NULL, NULL, NULL, 'Markdown', false, 'none', NULL, false, NULL, NULL, 'AND', NULL, NULL, NULL, 'refresh_subscription', NULL, 'd00f9c1e-cec6-45d5-acb0-79f00767bbcd', NULL, NULL, NULL, NULL, 'minutes', NULL, NULL, NULL, NULL, NULL, NULL, NULL, NULL, NULL, NULL, NULL, NULL, NULL, NULL, NULL, NULL, NULL, NULL, NULL, NULL, NULL, NULL, NULL, NULL, 0, 400, false, 1, '2026-04-14 21:15:57.428', 0, '2026-04-14 21:15:57.594', '2026-04-21 18:10:53.422') ON CONFLICT DO NOTHING;
INSERT INTO public.bot_blocks (id, name, group_id, type, text, media_url, media_type, parse_mode, pin_message, delete_prev, reply_keyboard, remove_reply_kb, condition_type, condition_value, condition_logic, conditions, next_block_true, next_block_false, action_type, action_value, next_block_id, input_prompt, input_var, input_validation, delay_minutes, delay_unit, split_variants, redirect_block_id, reaction_emoji, notify_admin_text, http_method, http_url, http_headers, http_body, http_save_var, email_subject, email_body, payment_title, payment_description, payment_amount, payment_payload, message_effect_id, streaming_text, gift_id, funnel_id, throttle_minutes, schedule_start, schedule_end, schedule_days, schedule_block_id, pos_x, pos_y, is_draft, version, published_at, sort_order, created_at, updated_at) VALUES ('94c95ae7-92f9-45d7-a807-a9586b22f020', 'Revoke действие', '0a21b4ff-9f65-4c38-bee3-4cb6b136f8af', 'ACTION', NULL, NULL, NULL, 'Markdown', false, 'none', NULL, false, NULL, NULL, 'AND', NULL, NULL, NULL, 'revoke_sub', NULL, '69ac9446-3868-44a3-a9ad-5faed903d54d', NULL, NULL, NULL, NULL, 'minutes', NULL, NULL, NULL, NULL, NULL, NULL, NULL, NULL, NULL, NULL, NULL, NULL, NULL, NULL, NULL, NULL, NULL, NULL, NULL, NULL, NULL, NULL, NULL, NULL, 4612, 188, false, 1, '2026-04-14 21:15:57.428', 0, '2026-04-14 21:15:57.647', '2026-04-21 18:42:54.798') ON CONFLICT DO NOTHING;
INSERT INTO public.bot_blocks (id, name, group_id, type, text, media_url, media_type, parse_mode, pin_message, delete_prev, reply_keyboard, remove_reply_kb, condition_type, condition_value, condition_logic, conditions, next_block_true, next_block_false, action_type, action_value, next_block_id, input_prompt, input_var, input_validation, delay_minutes, delay_unit, split_variants, redirect_block_id, reaction_emoji, notify_admin_text, http_method, http_url, http_headers, http_body, http_save_var, email_subject, email_body, payment_title, payment_description, payment_amount, payment_payload, message_effect_id, streaming_text, gift_id, funnel_id, throttle_minutes, schedule_start, schedule_end, schedule_days, schedule_block_id, pos_x, pos_y, is_draft, version, published_at, sort_order, created_at, updated_at) VALUES ('3c4b7240-9e7d-4700-8e80-c43a3c80d3a5', 'Обновить данные из RW', '0a21b4ff-9f65-4c38-bee3-4cb6b136f8af', 'ACTION', NULL, NULL, NULL, 'Markdown', false, 'none', NULL, false, NULL, NULL, 'AND', NULL, NULL, NULL, 'refresh_subscription', NULL, '4c62d624-606b-4894-bc3a-9682e211cb74', NULL, NULL, NULL, NULL, 'minutes', NULL, NULL, NULL, NULL, NULL, NULL, NULL, NULL, NULL, NULL, NULL, NULL, NULL, NULL, NULL, NULL, NULL, NULL, NULL, NULL, NULL, NULL, NULL, NULL, 4772, -612, false, 1, '2026-04-14 21:15:57.428', 0, '2026-04-14 21:15:57.614', '2026-04-21 18:42:54.818') ON CONFLICT DO NOTHING;
INSERT INTO public.bot_blocks (id, name, group_id, type, text, media_url, media_type, parse_mode, pin_message, delete_prev, reply_keyboard, remove_reply_kb, condition_type, condition_value, condition_logic, conditions, next_block_true, next_block_false, action_type, action_value, next_block_id, input_prompt, input_var, input_validation, delay_minutes, delay_unit, split_variants, redirect_block_id, reaction_emoji, notify_admin_text, http_method, http_url, http_headers, http_body, http_save_var, email_subject, email_body, payment_title, payment_description, payment_amount, payment_payload, message_effect_id, streaming_text, gift_id, funnel_id, throttle_minutes, schedule_start, schedule_end, schedule_days, schedule_block_id, pos_x, pos_y, is_draft, version, published_at, sort_order, created_at, updated_at) VALUES ('dd189e17-dfd1-485c-9f16-1f384b1d59e8', '🆘 Поддержка', 'cb6532f4-a742-4400-adde-7b787260a853', 'MESSAGE', '🆘 *Поддержка HIDEYOU VPN*

С чем помочь?', NULL, NULL, 'Markdown', false, 'none', NULL, false, NULL, NULL, 'AND', NULL, NULL, NULL, NULL, NULL, NULL, NULL, NULL, NULL, NULL, 'minutes', NULL, NULL, NULL, NULL, NULL, NULL, NULL, NULL, NULL, NULL, NULL, NULL, NULL, NULL, NULL, NULL, NULL, NULL, NULL, NULL, NULL, NULL, NULL, NULL, 960, 200, false, 1, '2026-04-14 21:15:57.428', 0, '2026-04-14 21:15:57.7', '2026-04-21 18:44:02.429') ON CONFLICT DO NOTHING;
INSERT INTO public.bot_blocks (id, name, group_id, type, text, media_url, media_type, parse_mode, pin_message, delete_prev, reply_keyboard, remove_reply_kb, condition_type, condition_value, condition_logic, conditions, next_block_true, next_block_false, action_type, action_value, next_block_id, input_prompt, input_var, input_validation, delay_minutes, delay_unit, split_variants, redirect_block_id, reaction_emoji, notify_admin_text, http_method, http_url, http_headers, http_body, http_save_var, email_subject, email_body, payment_title, payment_description, payment_amount, payment_payload, message_effect_id, streaming_text, gift_id, funnel_id, throttle_minutes, schedule_start, schedule_end, schedule_days, schedule_block_id, pos_x, pos_y, is_draft, version, published_at, sort_order, created_at, updated_at) VALUES ('c70cd12b-5665-47bd-b00e-7d9e9aef5519', 'Активация промокода', '859216bb-ab82-44b8-83e3-25b5f09904e9', 'PROMO_ACTIVATE', '✅ *Промокод {promo_code} активирован!*

Бонус начислен.', NULL, NULL, 'Markdown', false, 'none', NULL, false, NULL, NULL, 'AND', NULL, NULL, NULL, NULL, NULL, NULL, NULL, NULL, NULL, NULL, 'minutes', NULL, NULL, NULL, NULL, NULL, NULL, NULL, NULL, NULL, NULL, NULL, NULL, NULL, NULL, NULL, NULL, NULL, NULL, NULL, NULL, NULL, NULL, NULL, NULL, 2560, 545, false, 1, '2026-04-14 21:15:57.428', 0, '2026-04-14 21:15:57.695', '2026-04-21 18:44:56.135') ON CONFLICT DO NOTHING;
INSERT INTO public.bot_blocks (id, name, group_id, type, text, media_url, media_type, parse_mode, pin_message, delete_prev, reply_keyboard, remove_reply_kb, condition_type, condition_value, condition_logic, conditions, next_block_true, next_block_false, action_type, action_value, next_block_id, input_prompt, input_var, input_validation, delay_minutes, delay_unit, split_variants, redirect_block_id, reaction_emoji, notify_admin_text, http_method, http_url, http_headers, http_body, http_save_var, email_subject, email_body, payment_title, payment_description, payment_amount, payment_payload, message_effect_id, streaming_text, gift_id, funnel_id, throttle_minutes, schedule_start, schedule_end, schedule_days, schedule_block_id, pos_x, pos_y, is_draft, version, published_at, sort_order, created_at, updated_at) VALUES ('b2066e1d-936f-4bc2-aa1a-bc01037ce277', '💰 Баланс', '8d726466-15e7-4a1f-b13f-f4256215a99b', 'MESSAGE', '💰 *Ваш баланс*

₽ Деньги: *{balance} ₽*
🎁 Бонус-дней: *{bonusDays}*

С баланса можно оплачивать тарифы. Пополнение — через веб-ЛК.', NULL, NULL, 'Markdown', false, 'none', NULL, false, NULL, NULL, 'AND', NULL, NULL, NULL, NULL, NULL, NULL, NULL, NULL, NULL, NULL, 'minutes', NULL, NULL, NULL, NULL, NULL, NULL, NULL, NULL, NULL, NULL, NULL, NULL, NULL, NULL, NULL, NULL, NULL, NULL, NULL, NULL, NULL, NULL, NULL, NULL, 2027, 188, false, 1, '2026-04-14 21:15:57.428', 0, '2026-04-14 21:15:57.683', '2026-04-21 18:43:50.137') ON CONFLICT DO NOTHING;
INSERT INTO public.bot_blocks (id, name, group_id, type, text, media_url, media_type, parse_mode, pin_message, delete_prev, reply_keyboard, remove_reply_kb, condition_type, condition_value, condition_logic, conditions, next_block_true, next_block_false, action_type, action_value, next_block_id, input_prompt, input_var, input_validation, delay_minutes, delay_unit, split_variants, redirect_block_id, reaction_emoji, notify_admin_text, http_method, http_url, http_headers, http_body, http_save_var, email_subject, email_body, payment_title, payment_description, payment_amount, payment_payload, message_effect_id, streaming_text, gift_id, funnel_id, throttle_minutes, schedule_start, schedule_end, schedule_days, schedule_block_id, pos_x, pos_y, is_draft, version, published_at, sort_order, created_at, updated_at) VALUES ('c4ecdfc3-2b66-4d2f-8b81-5fae51c3e5e6', '📱 Инструкции по OS', 'f138d924-c6ad-4f99-80ef-4fd34cc3e73f', 'MESSAGE', '📱 *Как подключить HIDEYOU VPN*

Выберите вашу платформу — покажем пошаговую инструкцию:', NULL, NULL, 'Markdown', false, 'none', NULL, false, NULL, NULL, 'AND', NULL, NULL, NULL, NULL, NULL, NULL, NULL, NULL, NULL, NULL, 'minutes', NULL, NULL, NULL, NULL, NULL, NULL, NULL, NULL, NULL, NULL, NULL, NULL, NULL, NULL, NULL, NULL, NULL, NULL, NULL, NULL, NULL, NULL, NULL, NULL, 1600, 200, false, 1, '2026-04-14 21:15:57.428', 0, '2026-04-14 21:15:57.67', '2026-04-21 17:20:18.048') ON CONFLICT DO NOTHING;
INSERT INTO public.bot_blocks (id, name, group_id, type, text, media_url, media_type, parse_mode, pin_message, delete_prev, reply_keyboard, remove_reply_kb, condition_type, condition_value, condition_logic, conditions, next_block_true, next_block_false, action_type, action_value, next_block_id, input_prompt, input_var, input_validation, delay_minutes, delay_unit, split_variants, redirect_block_id, reaction_emoji, notify_admin_text, http_method, http_url, http_headers, http_body, http_save_var, email_subject, email_body, payment_title, payment_description, payment_amount, payment_payload, message_effect_id, streaming_text, gift_id, funnel_id, throttle_minutes, schedule_start, schedule_end, schedule_days, schedule_block_id, pos_x, pos_y, is_draft, version, published_at, sort_order, created_at, updated_at) VALUES ('ec8c7aea-d2d5-4b03-bf33-2bdad517b8dd', '🎟 Ввод промокода', '859216bb-ab82-44b8-83e3-25b5f09904e9', 'INPUT', '🎟 *Введите промокод*', NULL, NULL, 'Markdown', false, 'none', NULL, false, NULL, NULL, 'AND', NULL, NULL, NULL, NULL, NULL, 'c70cd12b-5665-47bd-b00e-7d9e9aef5519', 'Отправьте промокод сообщением', 'promo_code', NULL, NULL, 'minutes', NULL, NULL, NULL, NULL, NULL, NULL, NULL, NULL, NULL, NULL, NULL, NULL, NULL, NULL, NULL, NULL, NULL, NULL, NULL, NULL, NULL, NULL, NULL, NULL, 2560, 400, false, 1, '2026-04-14 21:15:57.428', 0, '2026-04-14 21:15:57.689', '2026-04-21 18:10:53.381') ON CONFLICT DO NOTHING;
INSERT INTO public.bot_blocks (id, name, group_id, type, text, media_url, media_type, parse_mode, pin_message, delete_prev, reply_keyboard, remove_reply_kb, condition_type, condition_value, condition_logic, conditions, next_block_true, next_block_false, action_type, action_value, next_block_id, input_prompt, input_var, input_validation, delay_minutes, delay_unit, split_variants, redirect_block_id, reaction_emoji, notify_admin_text, http_method, http_url, http_headers, http_body, http_save_var, email_subject, email_body, payment_title, payment_description, payment_amount, payment_payload, message_effect_id, streaming_text, gift_id, funnel_id, throttle_minutes, schedule_start, schedule_end, schedule_days, schedule_block_id, pos_x, pos_y, is_draft, version, published_at, sort_order, created_at, updated_at) VALUES ('17c3efba-3d0d-4b7a-b67c-ee05f2589ec2', 'Тикет создан', 'cb6532f4-a742-4400-adde-7b787260a853', 'MESSAGE', '✅ *Обращение создано!*

Мы свяжемся с вами в ближайшее время. Ответ придёт в этот чат или в веб-ЛК.', NULL, NULL, 'Markdown', false, 'none', NULL, false, NULL, NULL, 'AND', NULL, NULL, NULL, NULL, NULL, NULL, NULL, NULL, NULL, NULL, 'minutes', NULL, NULL, NULL, NULL, NULL, NULL, NULL, NULL, NULL, NULL, NULL, NULL, NULL, NULL, NULL, NULL, NULL, NULL, NULL, NULL, NULL, NULL, NULL, NULL, 1046, 1057, false, 1, '2026-04-14 21:15:57.428', 0, '2026-04-14 21:15:57.725', '2026-04-21 17:38:16.632') ON CONFLICT DO NOTHING;
INSERT INTO public.bot_blocks (id, name, group_id, type, text, media_url, media_type, parse_mode, pin_message, delete_prev, reply_keyboard, remove_reply_kb, condition_type, condition_value, condition_logic, conditions, next_block_true, next_block_false, action_type, action_value, next_block_id, input_prompt, input_var, input_validation, delay_minutes, delay_unit, split_variants, redirect_block_id, reaction_emoji, notify_admin_text, http_method, http_url, http_headers, http_body, http_save_var, email_subject, email_body, payment_title, payment_description, payment_amount, payment_payload, message_effect_id, streaming_text, gift_id, funnel_id, throttle_minutes, schedule_start, schedule_end, schedule_days, schedule_block_id, pos_x, pos_y, is_draft, version, published_at, sort_order, created_at, updated_at) VALUES ('235742a9-d74b-4af2-ab6e-54b50f000b0b', '🏠 Главное меню', 'b9b83adc-0513-498a-91cd-b172faa9badf', 'MESSAGE', '🏠 *{name}, главное меню*

📊 Подписка: *{subStatus}*
📅 До: {subExpireDate} (_{daysLeft} дн_)
💰 Баланс: *{balance} ₽*
🎁 Бонус-дней: *{bonusDays}*', NULL, NULL, 'Markdown', false, 'none', 'null', false, NULL, NULL, 'AND', 'null', NULL, NULL, NULL, NULL, NULL, NULL, NULL, NULL, NULL, 'minutes', 'null', NULL, NULL, NULL, NULL, NULL, 'null', NULL, NULL, NULL, NULL, NULL, NULL, NULL, NULL, NULL, NULL, NULL, NULL, NULL, NULL, NULL, 'null', NULL, 2744, -21, false, 2, '2026-04-21 17:37:21.169', 0, '2026-04-14 21:15:57.608', '2026-04-21 18:43:15.813') ON CONFLICT DO NOTHING;
INSERT INTO public.bot_blocks (id, name, group_id, type, text, media_url, media_type, parse_mode, pin_message, delete_prev, reply_keyboard, remove_reply_kb, condition_type, condition_value, condition_logic, conditions, next_block_true, next_block_false, action_type, action_value, next_block_id, input_prompt, input_var, input_validation, delay_minutes, delay_unit, split_variants, redirect_block_id, reaction_emoji, notify_admin_text, http_method, http_url, http_headers, http_body, http_save_var, email_subject, email_body, payment_title, payment_description, payment_amount, payment_payload, message_effect_id, streaming_text, gift_id, funnel_id, throttle_minutes, schedule_start, schedule_end, schedule_days, schedule_block_id, pos_x, pos_y, is_draft, version, published_at, sort_order, created_at, updated_at) VALUES ('d00f9c1e-cec6-45d5-acb0-79f00767bbcd', 'Триал: поздравление', '902237b1-0d82-473b-9127-46e08cf785ba', 'MESSAGE', '🎉 *Триал активирован!*

Вам доступен VPN на *{trialDays} дня*.

📲 Ваша подписка-ссылка:
`{subLink}`

Настройте подключение по инструкциям:', NULL, NULL, 'Markdown', false, 'none', NULL, false, NULL, NULL, 'AND', NULL, NULL, NULL, NULL, NULL, NULL, NULL, NULL, NULL, NULL, 'minutes', NULL, NULL, NULL, NULL, NULL, NULL, NULL, NULL, NULL, NULL, NULL, NULL, NULL, NULL, NULL, NULL, NULL, NULL, NULL, NULL, NULL, NULL, NULL, NULL, -560, 654, false, 1, '2026-04-14 21:15:57.428', 0, '2026-04-14 21:15:57.601', '2026-04-21 17:21:12.406') ON CONFLICT DO NOTHING;
INSERT INTO public.bot_blocks (id, name, group_id, type, text, media_url, media_type, parse_mode, pin_message, delete_prev, reply_keyboard, remove_reply_kb, condition_type, condition_value, condition_logic, conditions, next_block_true, next_block_false, action_type, action_value, next_block_id, input_prompt, input_var, input_validation, delay_minutes, delay_unit, split_variants, redirect_block_id, reaction_emoji, notify_admin_text, http_method, http_url, http_headers, http_body, http_save_var, email_subject, email_body, payment_title, payment_description, payment_amount, payment_payload, message_effect_id, streaming_text, gift_id, funnel_id, throttle_minutes, schedule_start, schedule_end, schedule_days, schedule_block_id, pos_x, pos_y, is_draft, version, published_at, sort_order, created_at, updated_at) VALUES ('4c62d624-606b-4894-bc3a-9682e211cb74', '🔑 Моя подписка', '0a21b4ff-9f65-4c38-bee3-4cb6b136f8af', 'CONDITION', NULL, NULL, NULL, 'Markdown', false, 'none', NULL, false, 'has_sub', NULL, 'AND', NULL, '89a30fb3-0d77-4b61-a6c7-b21e99adce68', 'f85592ff-6497-4420-a5b3-6c3565d2f8d4', NULL, NULL, NULL, NULL, NULL, NULL, NULL, 'minutes', NULL, NULL, NULL, NULL, NULL, NULL, NULL, NULL, NULL, NULL, NULL, NULL, NULL, NULL, NULL, NULL, NULL, NULL, NULL, NULL, NULL, NULL, NULL, NULL, 4772, -412, false, 1, '2026-04-14 21:15:57.428', 0, '2026-04-14 21:15:57.619', '2026-04-21 18:42:54.826') ON CONFLICT DO NOTHING;
INSERT INTO public.bot_blocks (id, name, group_id, type, text, media_url, media_type, parse_mode, pin_message, delete_prev, reply_keyboard, remove_reply_kb, condition_type, condition_value, condition_logic, conditions, next_block_true, next_block_false, action_type, action_value, next_block_id, input_prompt, input_var, input_validation, delay_minutes, delay_unit, split_variants, redirect_block_id, reaction_emoji, notify_admin_text, http_method, http_url, http_headers, http_body, http_save_var, email_subject, email_body, payment_title, payment_description, payment_amount, payment_payload, message_effect_id, streaming_text, gift_id, funnel_id, throttle_minutes, schedule_start, schedule_end, schedule_days, schedule_block_id, pos_x, pos_y, is_draft, version, published_at, sort_order, created_at, updated_at) VALUES ('93b77b3a-c83a-47b1-a31b-e114fded3e18', '📧 Ввод email', '12cfdc16-c6dd-42c7-9d2c-468189b1a08b', 'INPUT', '📧 *Привязка email*

Зачем нужно:
• 🔐 Резервный вход в ЛК через браузер, если Telegram заблокируют
• 💳 Чеки на оплату
• 🔄 Восстановление через поддержку

Введите ваш email:', NULL, NULL, 'Markdown', false, 'none', NULL, false, NULL, NULL, 'AND', NULL, NULL, NULL, NULL, NULL, 'a5c5c7ab-c09b-4da2-a770-3929f088cd10', 'Введите email', 'pending_email', 'email', NULL, 'minutes', NULL, NULL, NULL, NULL, NULL, NULL, NULL, NULL, NULL, NULL, NULL, NULL, NULL, NULL, NULL, NULL, NULL, NULL, NULL, NULL, NULL, NULL, NULL, NULL, 2142, 1005, false, 1, '2026-04-14 21:15:57.428', 0, '2026-04-14 21:15:57.73', '2026-04-21 14:44:32.373') ON CONFLICT DO NOTHING;
INSERT INTO public.bot_blocks (id, name, group_id, type, text, media_url, media_type, parse_mode, pin_message, delete_prev, reply_keyboard, remove_reply_kb, condition_type, condition_value, condition_logic, conditions, next_block_true, next_block_false, action_type, action_value, next_block_id, input_prompt, input_var, input_validation, delay_minutes, delay_unit, split_variants, redirect_block_id, reaction_emoji, notify_admin_text, http_method, http_url, http_headers, http_body, http_save_var, email_subject, email_body, payment_title, payment_description, payment_amount, payment_payload, message_effect_id, streaming_text, gift_id, funnel_id, throttle_minutes, schedule_start, schedule_end, schedule_days, schedule_block_id, pos_x, pos_y, is_draft, version, published_at, sort_order, created_at, updated_at) VALUES ('cb07871f-5dc4-44a7-b431-2e36acc9e542', 'Ввод кода', '12cfdc16-c6dd-42c7-9d2c-468189b1a08b', 'INPUT', '📬 *Код отправлен на `{pending_email}`*

⚠️ Проверьте папку *«Спам»* — иногда письма попадают туда.

Введите 6-значный код из письма:', NULL, NULL, 'Markdown', false, 'none', NULL, false, NULL, NULL, 'AND', NULL, NULL, NULL, NULL, NULL, '83b757ab-251a-4cab-bfe4-a3c048de37ce', 'Введите 6 цифр', 'email_code', 'number', NULL, 'minutes', NULL, NULL, NULL, NULL, NULL, NULL, NULL, NULL, NULL, NULL, NULL, NULL, NULL, NULL, NULL, NULL, NULL, NULL, NULL, NULL, NULL, NULL, NULL, NULL, 2142, 1405, false, 1, '2026-04-14 21:15:57.428', 0, '2026-04-14 21:15:57.741', '2026-04-21 14:44:27.444') ON CONFLICT DO NOTHING;
INSERT INTO public.bot_blocks (id, name, group_id, type, text, media_url, media_type, parse_mode, pin_message, delete_prev, reply_keyboard, remove_reply_kb, condition_type, condition_value, condition_logic, conditions, next_block_true, next_block_false, action_type, action_value, next_block_id, input_prompt, input_var, input_validation, delay_minutes, delay_unit, split_variants, redirect_block_id, reaction_emoji, notify_admin_text, http_method, http_url, http_headers, http_body, http_save_var, email_subject, email_body, payment_title, payment_description, payment_amount, payment_payload, message_effect_id, streaming_text, gift_id, funnel_id, throttle_minutes, schedule_start, schedule_end, schedule_days, schedule_block_id, pos_x, pos_y, is_draft, version, published_at, sort_order, created_at, updated_at) VALUES ('debb98c7-6133-4bd0-8387-030b46b0f0b0', 'Подтверждение пароля', '12cfdc16-c6dd-42c7-9d2c-468189b1a08b', 'MESSAGE', '🔑 *Сгенерировать пароль от веб-ЛК?*

Новый пароль будет отправлен на `{email}`. Если старый пароль был — он перестанет работать.

⚠️ Письмо может попасть в «Спам».', NULL, NULL, 'Markdown', false, 'none', NULL, false, NULL, NULL, 'AND', NULL, NULL, NULL, NULL, NULL, NULL, NULL, NULL, NULL, NULL, 'minutes', NULL, NULL, NULL, NULL, NULL, NULL, NULL, NULL, NULL, NULL, NULL, NULL, NULL, NULL, NULL, NULL, NULL, NULL, NULL, NULL, NULL, NULL, NULL, NULL, 2462, 1005, false, 1, '2026-04-14 21:15:57.428', 0, '2026-04-14 21:15:57.759', '2026-04-21 14:44:33.059') ON CONFLICT DO NOTHING;
INSERT INTO public.bot_blocks (id, name, group_id, type, text, media_url, media_type, parse_mode, pin_message, delete_prev, reply_keyboard, remove_reply_kb, condition_type, condition_value, condition_logic, conditions, next_block_true, next_block_false, action_type, action_value, next_block_id, input_prompt, input_var, input_validation, delay_minutes, delay_unit, split_variants, redirect_block_id, reaction_emoji, notify_admin_text, http_method, http_url, http_headers, http_body, http_save_var, email_subject, email_body, payment_title, payment_description, payment_amount, payment_payload, message_effect_id, streaming_text, gift_id, funnel_id, throttle_minutes, schedule_start, schedule_end, schedule_days, schedule_block_id, pos_x, pos_y, is_draft, version, published_at, sort_order, created_at, updated_at) VALUES ('daf24893-704e-4546-a1f2-90e9579e3cd2', 'Reset password action', '12cfdc16-c6dd-42c7-9d2c-468189b1a08b', 'ACTION', NULL, NULL, NULL, 'Markdown', false, 'none', NULL, false, NULL, NULL, 'AND', NULL, NULL, NULL, 'reset_password', NULL, '5b0713e6-4074-487e-ae51-2a2919f9c8ba', NULL, NULL, NULL, NULL, 'minutes', NULL, NULL, NULL, NULL, NULL, NULL, NULL, NULL, NULL, NULL, NULL, NULL, NULL, NULL, NULL, NULL, NULL, NULL, NULL, NULL, NULL, NULL, NULL, NULL, 2462, 1205, false, 1, '2026-04-14 21:15:57.428', 0, '2026-04-14 21:15:57.764', '2026-04-21 14:44:35.925') ON CONFLICT DO NOTHING;
INSERT INTO public.bot_blocks (id, name, group_id, type, text, media_url, media_type, parse_mode, pin_message, delete_prev, reply_keyboard, remove_reply_kb, condition_type, condition_value, condition_logic, conditions, next_block_true, next_block_false, action_type, action_value, next_block_id, input_prompt, input_var, input_validation, delay_minutes, delay_unit, split_variants, redirect_block_id, reaction_emoji, notify_admin_text, http_method, http_url, http_headers, http_body, http_save_var, email_subject, email_body, payment_title, payment_description, payment_amount, payment_payload, message_effect_id, streaming_text, gift_id, funnel_id, throttle_minutes, schedule_start, schedule_end, schedule_days, schedule_block_id, pos_x, pos_y, is_draft, version, published_at, sort_order, created_at, updated_at) VALUES ('a5c5c7ab-c09b-4da2-a770-3929f088cd10', 'Отправить код', '12cfdc16-c6dd-42c7-9d2c-468189b1a08b', 'ACTION', NULL, NULL, NULL, 'Markdown', false, 'none', NULL, false, NULL, NULL, 'AND', NULL, NULL, NULL, 'send_email_code', '{pending_email}', 'cb07871f-5dc4-44a7-b431-2e36acc9e542', NULL, NULL, NULL, NULL, 'minutes', NULL, NULL, NULL, NULL, NULL, NULL, NULL, NULL, NULL, NULL, NULL, NULL, NULL, NULL, NULL, NULL, NULL, NULL, NULL, NULL, NULL, NULL, NULL, NULL, 2142, 1205, false, 1, '2026-04-14 21:15:57.428', 0, '2026-04-14 21:15:57.736', '2026-04-21 14:44:27.451') ON CONFLICT DO NOTHING;
INSERT INTO public.bot_blocks (id, name, group_id, type, text, media_url, media_type, parse_mode, pin_message, delete_prev, reply_keyboard, remove_reply_kb, condition_type, condition_value, condition_logic, conditions, next_block_true, next_block_false, action_type, action_value, next_block_id, input_prompt, input_var, input_validation, delay_minutes, delay_unit, split_variants, redirect_block_id, reaction_emoji, notify_admin_text, http_method, http_url, http_headers, http_body, http_save_var, email_subject, email_body, payment_title, payment_description, payment_amount, payment_payload, message_effect_id, streaming_text, gift_id, funnel_id, throttle_minutes, schedule_start, schedule_end, schedule_days, schedule_block_id, pos_x, pos_y, is_draft, version, published_at, sort_order, created_at, updated_at) VALUES ('89e32cec-1b06-4764-a42c-3ca7e415eb44', 'Создание тикета', 'cb6532f4-a742-4400-adde-7b787260a853', 'ACTION', NULL, NULL, NULL, 'Markdown', false, 'none', NULL, false, NULL, NULL, 'AND', NULL, NULL, NULL, 'create_ticket', NULL, '17c3efba-3d0d-4b7a-b67c-ee05f2589ec2', NULL, NULL, NULL, NULL, 'minutes', NULL, NULL, NULL, NULL, NULL, NULL, NULL, NULL, NULL, NULL, NULL, NULL, NULL, NULL, NULL, NULL, NULL, NULL, NULL, NULL, NULL, NULL, NULL, NULL, 1046, 857, false, 1, '2026-04-14 21:15:57.428', 0, '2026-04-14 21:15:57.717', '2026-04-21 17:38:16.614') ON CONFLICT DO NOTHING;
INSERT INTO public.bot_blocks (id, name, group_id, type, text, media_url, media_type, parse_mode, pin_message, delete_prev, reply_keyboard, remove_reply_kb, condition_type, condition_value, condition_logic, conditions, next_block_true, next_block_false, action_type, action_value, next_block_id, input_prompt, input_var, input_validation, delay_minutes, delay_unit, split_variants, redirect_block_id, reaction_emoji, notify_admin_text, http_method, http_url, http_headers, http_body, http_save_var, email_subject, email_body, payment_title, payment_description, payment_amount, payment_payload, message_effect_id, streaming_text, gift_id, funnel_id, throttle_minutes, schedule_start, schedule_end, schedule_days, schedule_block_id, pos_x, pos_y, is_draft, version, published_at, sort_order, created_at, updated_at) VALUES ('b1e6c61f-9b19-4acc-9ca6-114c2957061e', 'Email привязан', '12cfdc16-c6dd-42c7-9d2c-468189b1a08b', 'MESSAGE', '✅ *Email привязан!*

📧 На `{pending_email}` отправлено письмо с:
• Логин = ваш email
• Пароль от веб-ЛК (сгенерирован автоматически)

🌐 Зайти в ЛК: {appUrl}/login

⚠️ *Проверьте спам!*', NULL, NULL, 'Markdown', false, 'none', NULL, false, NULL, NULL, 'AND', NULL, NULL, NULL, NULL, NULL, NULL, NULL, NULL, NULL, NULL, 'minutes', NULL, NULL, NULL, NULL, NULL, NULL, NULL, NULL, NULL, NULL, NULL, NULL, NULL, NULL, NULL, NULL, NULL, NULL, NULL, NULL, NULL, NULL, NULL, NULL, 2142, 1805, false, 1, '2026-04-14 21:15:57.428', 0, '2026-04-14 21:15:57.752', '2026-04-21 14:44:27.439') ON CONFLICT DO NOTHING;
INSERT INTO public.bot_blocks (id, name, group_id, type, text, media_url, media_type, parse_mode, pin_message, delete_prev, reply_keyboard, remove_reply_kb, condition_type, condition_value, condition_logic, conditions, next_block_true, next_block_false, action_type, action_value, next_block_id, input_prompt, input_var, input_validation, delay_minutes, delay_unit, split_variants, redirect_block_id, reaction_emoji, notify_admin_text, http_method, http_url, http_headers, http_body, http_save_var, email_subject, email_body, payment_title, payment_description, payment_amount, payment_payload, message_effect_id, streaming_text, gift_id, funnel_id, throttle_minutes, schedule_start, schedule_end, schedule_days, schedule_block_id, pos_x, pos_y, is_draft, version, published_at, sort_order, created_at, updated_at) VALUES ('83b757ab-251a-4cab-bfe4-a3c048de37ce', 'Проверка кода', '12cfdc16-c6dd-42c7-9d2c-468189b1a08b', 'ACTION', NULL, NULL, NULL, 'Markdown', false, 'none', NULL, false, NULL, NULL, 'AND', NULL, NULL, NULL, 'verify_email_code', '{email_code}', 'b1e6c61f-9b19-4acc-9ca6-114c2957061e', NULL, NULL, NULL, NULL, 'minutes', NULL, NULL, NULL, NULL, NULL, NULL, NULL, NULL, NULL, NULL, NULL, NULL, NULL, NULL, NULL, NULL, NULL, NULL, NULL, NULL, NULL, NULL, NULL, NULL, 2142, 1605, false, 1, '2026-04-14 21:15:57.428', 0, '2026-04-14 21:15:57.747', '2026-04-21 14:44:27.46') ON CONFLICT DO NOTHING;
INSERT INTO public.bot_blocks (id, name, group_id, type, text, media_url, media_type, parse_mode, pin_message, delete_prev, reply_keyboard, remove_reply_kb, condition_type, condition_value, condition_logic, conditions, next_block_true, next_block_false, action_type, action_value, next_block_id, input_prompt, input_var, input_validation, delay_minutes, delay_unit, split_variants, redirect_block_id, reaction_emoji, notify_admin_text, http_method, http_url, http_headers, http_body, http_save_var, email_subject, email_body, payment_title, payment_description, payment_amount, payment_payload, message_effect_id, streaming_text, gift_id, funnel_id, throttle_minutes, schedule_start, schedule_end, schedule_days, schedule_block_id, pos_x, pos_y, is_draft, version, published_at, sort_order, created_at, updated_at) VALUES ('503a0569-824c-49a2-b23b-3730954278fb', 'Активация триала', '902237b1-0d82-473b-9127-46e08cf785ba', 'ACTION', NULL, NULL, NULL, 'Markdown', false, 'none', NULL, false, NULL, NULL, 'AND', NULL, NULL, NULL, 'trial', NULL, '1a20cdb4-a346-462d-aaa5-fea7f78c70b1', NULL, NULL, NULL, NULL, 'minutes', NULL, NULL, NULL, NULL, NULL, NULL, NULL, NULL, NULL, NULL, NULL, NULL, NULL, NULL, NULL, NULL, NULL, NULL, NULL, NULL, NULL, NULL, NULL, NULL, -560, 254, false, 1, '2026-04-14 21:15:57.428', 0, '2026-04-14 21:15:57.586', '2026-04-21 17:21:12.417') ON CONFLICT DO NOTHING;
INSERT INTO public.bot_blocks (id, name, group_id, type, text, media_url, media_type, parse_mode, pin_message, delete_prev, reply_keyboard, remove_reply_kb, condition_type, condition_value, condition_logic, conditions, next_block_true, next_block_false, action_type, action_value, next_block_id, input_prompt, input_var, input_validation, delay_minutes, delay_unit, split_variants, redirect_block_id, reaction_emoji, notify_admin_text, http_method, http_url, http_headers, http_body, http_save_var, email_subject, email_body, payment_title, payment_description, payment_amount, payment_payload, message_effect_id, streaming_text, gift_id, funnel_id, throttle_minutes, schedule_start, schedule_end, schedule_days, schedule_block_id, pos_x, pos_y, is_draft, version, published_at, sort_order, created_at, updated_at) VALUES ('5b0713e6-4074-487e-ae51-2a2919f9c8ba', 'Пароль отправлен', '12cfdc16-c6dd-42c7-9d2c-468189b1a08b', 'MESSAGE', '✅ *Пароль отправлен!*

📧 Проверьте `{email}` (и папку «Спам»).

🌐 Войти в ЛК: {appUrl}/login', NULL, NULL, 'Markdown', false, 'none', NULL, false, NULL, NULL, 'AND', NULL, NULL, NULL, NULL, NULL, NULL, NULL, NULL, NULL, NULL, 'minutes', NULL, NULL, NULL, NULL, NULL, NULL, NULL, NULL, NULL, NULL, NULL, NULL, NULL, NULL, NULL, NULL, NULL, NULL, NULL, NULL, NULL, NULL, NULL, NULL, 2462, 1405, false, 1, '2026-04-14 21:15:57.428', 0, '2026-04-14 21:15:57.768', '2026-04-21 14:44:36.531') ON CONFLICT DO NOTHING;
INSERT INTO public.bot_blocks (id, name, group_id, type, text, media_url, media_type, parse_mode, pin_message, delete_prev, reply_keyboard, remove_reply_kb, condition_type, condition_value, condition_logic, conditions, next_block_true, next_block_false, action_type, action_value, next_block_id, input_prompt, input_var, input_validation, delay_minutes, delay_unit, split_variants, redirect_block_id, reaction_emoji, notify_admin_text, http_method, http_url, http_headers, http_body, http_save_var, email_subject, email_body, payment_title, payment_description, payment_amount, payment_payload, message_effect_id, streaming_text, gift_id, funnel_id, throttle_minutes, schedule_start, schedule_end, schedule_days, schedule_block_id, pos_x, pos_y, is_draft, version, published_at, sort_order, created_at, updated_at) VALUES ('9a37071a-b82d-43b2-932d-80a78a5c4f36', 'Приветствие (есть email)', '902237b1-0d82-473b-9127-46e08cf785ba', 'MESSAGE', '✅ *С возвращением, {name}!*

Подписка активна до *{subExpireDate}* (осталось {daysLeft} дн.)

📧 Email `{email}` привязан — вы можете войти в веб-ЛК через браузер, если Telegram заблокируют.

Что дальше?', NULL, NULL, 'Markdown', false, 'none', NULL, false, NULL, NULL, 'AND', NULL, NULL, NULL, NULL, NULL, NULL, NULL, NULL, NULL, NULL, 'minutes', NULL, NULL, NULL, NULL, NULL, NULL, NULL, NULL, NULL, NULL, NULL, NULL, NULL, NULL, NULL, NULL, NULL, NULL, NULL, NULL, NULL, NULL, NULL, NULL, 3920, 54, false, 1, '2026-04-14 21:15:57.428', 0, '2026-04-14 21:15:57.498', '2026-04-21 17:21:12.427') ON CONFLICT DO NOTHING;
INSERT INTO public.bot_blocks (id, name, group_id, type, text, media_url, media_type, parse_mode, pin_message, delete_prev, reply_keyboard, remove_reply_kb, condition_type, condition_value, condition_logic, conditions, next_block_true, next_block_false, action_type, action_value, next_block_id, input_prompt, input_var, input_validation, delay_minutes, delay_unit, split_variants, redirect_block_id, reaction_emoji, notify_admin_text, http_method, http_url, http_headers, http_body, http_save_var, email_subject, email_body, payment_title, payment_description, payment_amount, payment_payload, message_effect_id, streaming_text, gift_id, funnel_id, throttle_minutes, schedule_start, schedule_end, schedule_days, schedule_block_id, pos_x, pos_y, is_draft, version, published_at, sort_order, created_at, updated_at) VALUES ('9945276a-e0de-46fb-b5c0-c7bf1d78df32', 'Подтверждение revoke', '0a21b4ff-9f65-4c38-bee3-4cb6b136f8af', 'MESSAGE', '⚠️ *Пересоздать подписку-ссылку?*

Все ваши устройства перестанут работать, пока вы не переподключите их по новой ссылке.

Продолжить?', NULL, NULL, 'Markdown', false, 'none', NULL, false, NULL, NULL, 'AND', NULL, NULL, NULL, NULL, NULL, NULL, NULL, NULL, NULL, NULL, 'minutes', NULL, NULL, NULL, NULL, NULL, NULL, NULL, NULL, NULL, NULL, NULL, NULL, NULL, NULL, NULL, NULL, NULL, NULL, NULL, NULL, NULL, NULL, NULL, NULL, 4359, 22, false, 1, '2026-04-14 21:15:57.428', 0, '2026-04-14 21:15:57.639', '2026-04-21 18:42:57.481') ON CONFLICT DO NOTHING;
INSERT INTO public.bot_blocks (id, name, group_id, type, text, media_url, media_type, parse_mode, pin_message, delete_prev, reply_keyboard, remove_reply_kb, condition_type, condition_value, condition_logic, conditions, next_block_true, next_block_false, action_type, action_value, next_block_id, input_prompt, input_var, input_validation, delay_minutes, delay_unit, split_variants, redirect_block_id, reaction_emoji, notify_admin_text, http_method, http_url, http_headers, http_body, http_save_var, email_subject, email_body, payment_title, payment_description, payment_amount, payment_payload, message_effect_id, streaming_text, gift_id, funnel_id, throttle_minutes, schedule_start, schedule_end, schedule_days, schedule_block_id, pos_x, pos_y, is_draft, version, published_at, sort_order, created_at, updated_at) VALUES ('b441e17c-082c-471e-aa5a-7951a324313c', 'Новый: предложить email + триал', '902237b1-0d82-473b-9127-46e08cf785ba', 'MESSAGE', '👋 *Добро пожаловать, {name}!*

HIDEYOU VPN — быстрый, стабильный и без обрывов.

🎁 Попробуйте *{trialDays} дня бесплатно* — без привязки карты.

💡 *Совет:* заодно привяжите email — это ваш резервный доступ к ЛК через браузер.', NULL, NULL, 'Markdown', false, 'none', NULL, false, NULL, NULL, 'AND', NULL, NULL, NULL, NULL, NULL, NULL, NULL, NULL, NULL, NULL, 'minutes', NULL, NULL, NULL, NULL, NULL, NULL, NULL, NULL, NULL, NULL, NULL, NULL, NULL, NULL, NULL, NULL, NULL, NULL, NULL, NULL, NULL, NULL, NULL, NULL, 5840, 1254, false, 1, '2026-04-14 21:15:57.428', 0, '2026-04-14 21:15:57.538', '2026-04-21 17:21:12.442') ON CONFLICT DO NOTHING;
INSERT INTO public.bot_blocks (id, name, group_id, type, text, media_url, media_type, parse_mode, pin_message, delete_prev, reply_keyboard, remove_reply_kb, condition_type, condition_value, condition_logic, conditions, next_block_true, next_block_false, action_type, action_value, next_block_id, input_prompt, input_var, input_validation, delay_minutes, delay_unit, split_variants, redirect_block_id, reaction_emoji, notify_admin_text, http_method, http_url, http_headers, http_body, http_save_var, email_subject, email_body, payment_title, payment_description, payment_amount, payment_payload, message_effect_id, streaming_text, gift_id, funnel_id, throttle_minutes, schedule_start, schedule_end, schedule_days, schedule_block_id, pos_x, pos_y, is_draft, version, published_at, sort_order, created_at, updated_at) VALUES ('64189336-0b8a-4b74-a882-4a2083bc97a3', 'Возврат: был плательщиком', '902237b1-0d82-473b-9127-46e08cf785ba', 'MESSAGE', '👋 *С возвращением, {name}!*

У вас уже была история оплат на сумму *{totalPaid} ₽*. Активной подписки сейчас нет — выберите тариф чтобы продолжить:', NULL, NULL, 'Markdown', false, 'none', NULL, false, NULL, NULL, 'AND', NULL, NULL, NULL, NULL, NULL, NULL, NULL, NULL, NULL, NULL, 'minutes', NULL, NULL, NULL, NULL, NULL, NULL, NULL, NULL, NULL, NULL, NULL, NULL, NULL, NULL, NULL, NULL, NULL, NULL, NULL, NULL, NULL, NULL, NULL, NULL, 5200, 1054, false, 1, '2026-04-14 21:15:57.428', 0, '2026-04-14 21:15:57.526', '2026-04-21 17:21:12.433') ON CONFLICT DO NOTHING;
INSERT INTO public.bot_blocks (id, name, group_id, type, text, media_url, media_type, parse_mode, pin_message, delete_prev, reply_keyboard, remove_reply_kb, condition_type, condition_value, condition_logic, conditions, next_block_true, next_block_false, action_type, action_value, next_block_id, input_prompt, input_var, input_validation, delay_minutes, delay_unit, split_variants, redirect_block_id, reaction_emoji, notify_admin_text, http_method, http_url, http_headers, http_body, http_save_var, email_subject, email_body, payment_title, payment_description, payment_amount, payment_payload, message_effect_id, streaming_text, gift_id, funnel_id, throttle_minutes, schedule_start, schedule_end, schedule_days, schedule_block_id, pos_x, pos_y, is_draft, version, published_at, sort_order, created_at, updated_at) VALUES ('38f9af10-1627-4354-a371-25551ff8ae7a', 'Был ли в этом блоке', '902237b1-0d82-473b-9127-46e08cf785ba', 'CONDITION', NULL, NULL, NULL, 'Markdown', false, 'none', 'null', false, NULL, NULL, 'AND', 'null', '235742a9-d74b-4af2-ab6e-54b50f000b0b', NULL, NULL, NULL, NULL, NULL, NULL, NULL, NULL, 'minutes', 'null', NULL, NULL, NULL, NULL, NULL, 'null', NULL, NULL, NULL, NULL, NULL, NULL, NULL, NULL, NULL, NULL, NULL, NULL, NULL, NULL, NULL, 'null', NULL, 4560, 1054, false, 3, '2026-04-21 16:12:12.352', 0, '2026-04-21 16:09:00.575', '2026-04-21 17:21:12.453') ON CONFLICT DO NOTHING;


--
-- Data for Name: bot_buttons; Type: TABLE DATA; Schema: public; Owner: hideyou
--

INSERT INTO public.bot_buttons (id, block_id, label, type, next_block_id, url, copy_text, style, icon_custom_emoji_id, "row", col, sort_order, click_count, created_at, updated_at) VALUES ('63ea2470-d5bb-4b6c-badf-c064a5547f85', '3dbde6fa-6708-4737-8e65-125d17cbfa39', '🎁 Попробовать бесплатно', 'block', '503a0569-824c-49a2-b23b-3730954278fb', NULL, NULL, 'success', NULL, 0, 0, 0, 11, '2026-04-14 21:15:57.935', '2026-04-16 13:41:08.544') ON CONFLICT DO NOTHING;
INSERT INTO public.bot_buttons (id, block_id, label, type, next_block_id, url, copy_text, style, icon_custom_emoji_id, "row", col, sort_order, click_count, created_at, updated_at) VALUES ('74a90043-a929-428c-aa0c-96e5c3a95e05', '68218aed-f757-45ee-ac05-83f8cda7e7f5', '🔑 Пароль веб-ЛК', 'block', 'debb98c7-6133-4bd0-8387-030b46b0f0b0', NULL, NULL, NULL, NULL, 1, 0, 1, 1, '2026-04-14 21:15:58.204', '2026-04-17 20:14:47.454') ON CONFLICT DO NOTHING;
INSERT INTO public.bot_buttons (id, block_id, label, type, next_block_id, url, copy_text, style, icon_custom_emoji_id, "row", col, sort_order, click_count, created_at, updated_at) VALUES ('15b76e86-3326-40bb-8139-9236680068d3', 'debb98c7-6133-4bd0-8387-030b46b0f0b0', '❌ Отмена', 'block', '235742a9-d74b-4af2-ab6e-54b50f000b0b', NULL, NULL, NULL, NULL, 1, 0, 1, 1, '2026-04-14 21:15:58.184', '2026-04-17 20:15:01.457') ON CONFLICT DO NOTHING;
INSERT INTO public.bot_buttons (id, block_id, label, type, next_block_id, url, copy_text, style, icon_custom_emoji_id, "row", col, sort_order, click_count, created_at, updated_at) VALUES ('f780634f-9c22-4472-934b-0fb55f08cd52', 'a09787ce-0620-4feb-84c5-dcdf8a2194c4', '📤 Поделиться', 'url', NULL, 'https://t.me/share/url?url={referralUrl}&text=Попробуй HIDEYOU VPN — быстрый и стабильный', NULL, NULL, NULL, 1, 0, 1, 0, '2026-04-14 21:15:58.131', '2026-04-14 21:15:58.131') ON CONFLICT DO NOTHING;
INSERT INTO public.bot_buttons (id, block_id, label, type, next_block_id, url, copy_text, style, icon_custom_emoji_id, "row", col, sort_order, click_count, created_at, updated_at) VALUES ('623117ba-30c6-4cf0-9c68-3d99f94fb395', 'b2066e1d-936f-4bc2-aa1a-bc01037ce277', '➕ Пополнить', 'webapp', NULL, '{appUrl}/dashboard', NULL, 'success', NULL, 0, 0, 0, 0, '2026-04-14 21:15:58.14', '2026-04-14 21:15:58.14') ON CONFLICT DO NOTHING;
INSERT INTO public.bot_buttons (id, block_id, label, type, next_block_id, url, copy_text, style, icon_custom_emoji_id, "row", col, sort_order, click_count, created_at, updated_at) VALUES ('891ffb81-65f7-45c8-971a-c4eb713b8e43', 'b2066e1d-936f-4bc2-aa1a-bc01037ce277', '💳 К тарифам', 'block', '5cdc9a17-ab00-4227-9d35-c3929e66f96b', NULL, NULL, NULL, NULL, 1, 0, 1, 0, '2026-04-14 21:15:58.143', '2026-04-14 21:15:58.143') ON CONFLICT DO NOTHING;
INSERT INTO public.bot_buttons (id, block_id, label, type, next_block_id, url, copy_text, style, icon_custom_emoji_id, "row", col, sort_order, click_count, created_at, updated_at) VALUES ('75301375-9599-4ef2-9af1-e7c21905984e', 'b2066e1d-936f-4bc2-aa1a-bc01037ce277', '⬅️ Меню', 'block', '235742a9-d74b-4af2-ab6e-54b50f000b0b', NULL, NULL, NULL, NULL, 2, 0, 2, 0, '2026-04-14 21:15:58.146', '2026-04-14 21:15:58.146') ON CONFLICT DO NOTHING;
INSERT INTO public.bot_buttons (id, block_id, label, type, next_block_id, url, copy_text, style, icon_custom_emoji_id, "row", col, sort_order, click_count, created_at, updated_at) VALUES ('7bc6e321-a0a3-49fc-a0d7-b9fa9c5f2a71', 'c70cd12b-5665-47bd-b00e-7d9e9aef5519', '🏠 В меню', 'block', '235742a9-d74b-4af2-ab6e-54b50f000b0b', NULL, NULL, NULL, NULL, 0, 0, 0, 0, '2026-04-14 21:15:58.149', '2026-04-14 21:15:58.149') ON CONFLICT DO NOTHING;
INSERT INTO public.bot_buttons (id, block_id, label, type, next_block_id, url, copy_text, style, icon_custom_emoji_id, "row", col, sort_order, click_count, created_at, updated_at) VALUES ('1aa5c676-6728-4c0a-89e7-0616c85454b0', 'dd189e17-dfd1-485c-9f16-1f384b1d59e8', '💬 Создать обращение', 'block', 'b0449535-8055-4a4b-958e-fda01ad075d5', NULL, NULL, 'success', NULL, 0, 0, 0, 0, '2026-04-14 21:15:58.153', '2026-04-14 21:15:58.153') ON CONFLICT DO NOTHING;
INSERT INTO public.bot_buttons (id, block_id, label, type, next_block_id, url, copy_text, style, icon_custom_emoji_id, "row", col, sort_order, click_count, created_at, updated_at) VALUES ('2dd13e30-8ddc-4d4b-b7fc-1fc863430619', 'dd189e17-dfd1-485c-9f16-1f384b1d59e8', '📱 Как подключить', 'block', 'c4ecdfc3-2b66-4d2f-8b81-5fae51c3e5e6', NULL, NULL, NULL, NULL, 1, 0, 1, 0, '2026-04-14 21:15:58.155', '2026-04-14 21:15:58.155') ON CONFLICT DO NOTHING;
INSERT INTO public.bot_buttons (id, block_id, label, type, next_block_id, url, copy_text, style, icon_custom_emoji_id, "row", col, sort_order, click_count, created_at, updated_at) VALUES ('7876dfbf-9c4e-4aa5-a691-b2eb9f92d0b1', 'dd189e17-dfd1-485c-9f16-1f384b1d59e8', '❓ Частые вопросы', 'webapp', NULL, '{appUrl}/faq', NULL, NULL, NULL, 2, 0, 2, 0, '2026-04-14 21:15:58.158', '2026-04-14 21:15:58.158') ON CONFLICT DO NOTHING;
INSERT INTO public.bot_buttons (id, block_id, label, type, next_block_id, url, copy_text, style, icon_custom_emoji_id, "row", col, sort_order, click_count, created_at, updated_at) VALUES ('46524589-3625-431b-a406-016acb4e1987', 'dd189e17-dfd1-485c-9f16-1f384b1d59e8', '🌐 Веб-ЛК поддержка', 'webapp', NULL, '{appUrl}/dashboard/support', NULL, NULL, NULL, 3, 0, 3, 0, '2026-04-14 21:15:58.162', '2026-04-14 21:15:58.162') ON CONFLICT DO NOTHING;
INSERT INTO public.bot_buttons (id, block_id, label, type, next_block_id, url, copy_text, style, icon_custom_emoji_id, "row", col, sort_order, click_count, created_at, updated_at) VALUES ('5fb6e58b-89b6-48c4-96d4-5786a92e8ab7', '17c3efba-3d0d-4b7a-b67c-ee05f2589ec2', '🌐 Веб-ЛК', 'webapp', NULL, '{appUrl}/dashboard/support', NULL, NULL, NULL, 0, 0, 0, 0, '2026-04-14 21:15:58.167', '2026-04-14 21:15:58.167') ON CONFLICT DO NOTHING;
INSERT INTO public.bot_buttons (id, block_id, label, type, next_block_id, url, copy_text, style, icon_custom_emoji_id, "row", col, sort_order, click_count, created_at, updated_at) VALUES ('00c4a528-1c11-4a28-934e-6a6cf75b4039', '17c3efba-3d0d-4b7a-b67c-ee05f2589ec2', '🏠 Меню', 'block', '235742a9-d74b-4af2-ab6e-54b50f000b0b', NULL, NULL, NULL, NULL, 1, 0, 1, 0, '2026-04-14 21:15:58.171', '2026-04-14 21:15:58.171') ON CONFLICT DO NOTHING;
INSERT INTO public.bot_buttons (id, block_id, label, type, next_block_id, url, copy_text, style, icon_custom_emoji_id, "row", col, sort_order, click_count, created_at, updated_at) VALUES ('f98a7db5-b505-47c7-9e14-ba32dd28a631', 'b1e6c61f-9b19-4acc-9ca6-114c2957061e', '🌐 Открыть веб-ЛК', 'url', NULL, '{appUrl}/login', NULL, NULL, NULL, 0, 0, 0, 0, '2026-04-14 21:15:58.174', '2026-04-14 21:15:58.174') ON CONFLICT DO NOTHING;
INSERT INTO public.bot_buttons (id, block_id, label, type, next_block_id, url, copy_text, style, icon_custom_emoji_id, "row", col, sort_order, click_count, created_at, updated_at) VALUES ('7f220753-fd29-40dd-9c11-e7a1cfad6cc7', 'debb98c7-6133-4bd0-8387-030b46b0f0b0', '✅ Сгенерировать', 'block', 'daf24893-704e-4546-a1f2-90e9579e3cd2', NULL, NULL, 'success', NULL, 0, 0, 0, 0, '2026-04-14 21:15:58.18', '2026-04-14 21:15:58.18') ON CONFLICT DO NOTHING;
INSERT INTO public.bot_buttons (id, block_id, label, type, next_block_id, url, copy_text, style, icon_custom_emoji_id, "row", col, sort_order, click_count, created_at, updated_at) VALUES ('c21d98a6-68e0-494b-8fb9-42d6e4941347', '5b0713e6-4074-487e-ae51-2a2919f9c8ba', '🌐 Перейти в ЛК', 'url', NULL, '{appUrl}/login', NULL, NULL, NULL, 0, 0, 0, 0, '2026-04-14 21:15:58.187', '2026-04-14 21:15:58.187') ON CONFLICT DO NOTHING;
INSERT INTO public.bot_buttons (id, block_id, label, type, next_block_id, url, copy_text, style, icon_custom_emoji_id, "row", col, sort_order, click_count, created_at, updated_at) VALUES ('ea7de946-1bb1-411f-8ff8-4e3a7f3b5509', '5b0713e6-4074-487e-ae51-2a2919f9c8ba', '🏠 Меню', 'block', '235742a9-d74b-4af2-ab6e-54b50f000b0b', NULL, NULL, NULL, NULL, 1, 0, 1, 0, '2026-04-14 21:15:58.194', '2026-04-14 21:15:58.194') ON CONFLICT DO NOTHING;
INSERT INTO public.bot_buttons (id, block_id, label, type, next_block_id, url, copy_text, style, icon_custom_emoji_id, "row", col, sort_order, click_count, created_at, updated_at) VALUES ('a9af2730-f89d-40b8-b830-75142f30c131', '68218aed-f757-45ee-ac05-83f8cda7e7f5', '📧 Изменить/привязать email', 'block', '93b77b3a-c83a-47b1-a31b-e114fded3e18', NULL, NULL, NULL, NULL, 0, 0, 0, 0, '2026-04-14 21:15:58.2', '2026-04-14 21:15:58.2') ON CONFLICT DO NOTHING;
INSERT INTO public.bot_buttons (id, block_id, label, type, next_block_id, url, copy_text, style, icon_custom_emoji_id, "row", col, sort_order, click_count, created_at, updated_at) VALUES ('821c0ede-c70e-4e0d-8524-4e87c6afe918', '68218aed-f757-45ee-ac05-83f8cda7e7f5', '⬅️ Меню', 'block', '235742a9-d74b-4af2-ab6e-54b50f000b0b', NULL, NULL, NULL, NULL, 2, 0, 2, 0, '2026-04-14 21:15:58.209', '2026-04-14 21:15:58.209') ON CONFLICT DO NOTHING;
INSERT INTO public.bot_buttons (id, block_id, label, type, next_block_id, url, copy_text, style, icon_custom_emoji_id, "row", col, sort_order, click_count, created_at, updated_at) VALUES ('5a5227d5-9b93-432c-a80e-2e448bf62587', '2b8d6210-adbd-46c6-ae14-fcaac54e7e3b', '📱 Инструкции', 'block', 'c4ecdfc3-2b66-4d2f-8b81-5fae51c3e5e6', NULL, NULL, NULL, NULL, 0, 0, 0, 0, '2026-04-14 21:15:58.212', '2026-04-14 21:15:58.212') ON CONFLICT DO NOTHING;
INSERT INTO public.bot_buttons (id, block_id, label, type, next_block_id, url, copy_text, style, icon_custom_emoji_id, "row", col, sort_order, click_count, created_at, updated_at) VALUES ('48ed031e-0b2c-4cdc-a7f8-c578adf5fa60', '2b8d6210-adbd-46c6-ae14-fcaac54e7e3b', '📋 Копировать URL', 'copy_text', NULL, NULL, '{subLink}', NULL, NULL, 1, 0, 1, 0, '2026-04-14 21:15:58.215', '2026-04-14 21:15:58.215') ON CONFLICT DO NOTHING;
INSERT INTO public.bot_buttons (id, block_id, label, type, next_block_id, url, copy_text, style, icon_custom_emoji_id, "row", col, sort_order, click_count, created_at, updated_at) VALUES ('603462b5-06a8-44ec-ac3b-37f2319807b9', '586bb9ab-d491-46f5-85d8-3654ead21d46', '🔄 Попробовать снова', 'block', '5cdc9a17-ab00-4227-9d35-c3929e66f96b', NULL, NULL, NULL, NULL, 0, 0, 0, 0, '2026-04-14 21:15:58.225', '2026-04-14 21:15:58.225') ON CONFLICT DO NOTHING;
INSERT INTO public.bot_buttons (id, block_id, label, type, next_block_id, url, copy_text, style, icon_custom_emoji_id, "row", col, sort_order, click_count, created_at, updated_at) VALUES ('0173d3de-c7f6-4c41-be2c-dd9f776d35b2', '586bb9ab-d491-46f5-85d8-3654ead21d46', '🆘 Поддержка', 'block', 'dd189e17-dfd1-485c-9f16-1f384b1d59e8', NULL, NULL, NULL, NULL, 1, 0, 1, 0, '2026-04-14 21:15:58.229', '2026-04-14 21:15:58.229') ON CONFLICT DO NOTHING;
INSERT INTO public.bot_buttons (id, block_id, label, type, next_block_id, url, copy_text, style, icon_custom_emoji_id, "row", col, sort_order, click_count, created_at, updated_at) VALUES ('6b4bd8ef-93c8-497d-8af1-c0ea48dc35aa', '9a37071a-b82d-43b2-932d-80a78a5c4f36', '🔑 Пароль от ЛК', 'block', 'debb98c7-6133-4bd0-8387-030b46b0f0b0', NULL, NULL, NULL, NULL, 1, 0, 1, 0, '2026-04-14 21:15:57.948', '2026-04-14 21:15:57.948') ON CONFLICT DO NOTHING;
INSERT INTO public.bot_buttons (id, block_id, label, type, next_block_id, url, copy_text, style, icon_custom_emoji_id, "row", col, sort_order, click_count, created_at, updated_at) VALUES ('ab5484d3-2dc6-4329-b412-4bf64a69c079', 'b441e17c-082c-471e-aa5a-7951a324313c', '🎁 Только триал', 'block', '503a0569-824c-49a2-b23b-3730954278fb', NULL, NULL, NULL, NULL, 1, 0, 1, 1, '2026-04-14 21:15:57.977', '2026-04-16 12:59:28.777') ON CONFLICT DO NOTHING;
INSERT INTO public.bot_buttons (id, block_id, label, type, next_block_id, url, copy_text, style, icon_custom_emoji_id, "row", col, sort_order, click_count, created_at, updated_at) VALUES ('be59067e-f86f-4fe6-b7e4-b3d485cec7a6', '9a37071a-b82d-43b2-932d-80a78a5c4f36', '🔑 Моя подписка', 'block', '4c62d624-606b-4894-bc3a-9682e211cb74', NULL, NULL, NULL, NULL, 0, 0, 0, 1, '2026-04-14 21:15:57.944', '2026-04-14 21:38:08.842') ON CONFLICT DO NOTHING;
INSERT INTO public.bot_buttons (id, block_id, label, type, next_block_id, url, copy_text, style, icon_custom_emoji_id, "row", col, sort_order, click_count, created_at, updated_at) VALUES ('652bda3f-ef1a-4cbb-92d4-a1aca642f9c5', 'd00f9c1e-cec6-45d5-acb0-79f00767bbcd', '🏠 Главное меню', 'block', '235742a9-d74b-4af2-ab6e-54b50f000b0b', NULL, NULL, NULL, NULL, 2, 0, 2, 8, '2026-04-14 21:15:58.013', '2026-04-16 13:41:13.897') ON CONFLICT DO NOTHING;
INSERT INTO public.bot_buttons (id, block_id, label, type, next_block_id, url, copy_text, style, icon_custom_emoji_id, "row", col, sort_order, click_count, created_at, updated_at) VALUES ('604b7fab-a47b-4108-bef6-2bb81f7bf738', '3b1bd8e4-0802-4e53-bde9-d16fe8d580c0', '🏠 Пропустить', 'block', '235742a9-d74b-4af2-ab6e-54b50f000b0b', NULL, NULL, NULL, NULL, 1, 0, 1, 5, '2026-04-14 21:15:57.959', '2026-04-17 20:09:11.062') ON CONFLICT DO NOTHING;
INSERT INTO public.bot_buttons (id, block_id, label, type, next_block_id, url, copy_text, style, icon_custom_emoji_id, "row", col, sort_order, click_count, created_at, updated_at) VALUES ('3f26fa99-833c-4c4a-a05b-396aa81096eb', 'b1e6c61f-9b19-4acc-9ca6-114c2957061e', '🏠 Главное меню', 'block', '235742a9-d74b-4af2-ab6e-54b50f000b0b', NULL, NULL, NULL, NULL, 1, 0, 1, 2, '2026-04-14 21:15:58.177', '2026-04-21 12:34:11.866') ON CONFLICT DO NOTHING;
INSERT INTO public.bot_buttons (id, block_id, label, type, next_block_id, url, copy_text, style, icon_custom_emoji_id, "row", col, sort_order, click_count, created_at, updated_at) VALUES ('3b979762-c1d5-4d8b-aa47-729d78cc3748', '235742a9-d74b-4af2-ab6e-54b50f000b0b', '🔑 Моя подписка', 'block', '4c62d624-606b-4894-bc3a-9682e211cb74', NULL, NULL, NULL, NULL, 0, 0, 0, 4, '2026-04-14 21:15:58.019', '2026-04-21 18:15:21.618') ON CONFLICT DO NOTHING;
INSERT INTO public.bot_buttons (id, block_id, label, type, next_block_id, url, copy_text, style, icon_custom_emoji_id, "row", col, sort_order, click_count, created_at, updated_at) VALUES ('d9a8db8d-43bc-4c46-aa14-427f295dbe6e', 'dd189e17-dfd1-485c-9f16-1f384b1d59e8', '⬅️ Меню', 'block', '235742a9-d74b-4af2-ab6e-54b50f000b0b', NULL, NULL, NULL, NULL, 4, 0, 4, 1, '2026-04-14 21:15:58.165', '2026-04-21 18:37:10.84') ON CONFLICT DO NOTHING;
INSERT INTO public.bot_buttons (id, block_id, label, type, next_block_id, url, copy_text, style, icon_custom_emoji_id, "row", col, sort_order, click_count, created_at, updated_at) VALUES ('ee2557d1-6cf7-423b-94e1-93fe1bc87c9d', '9a37071a-b82d-43b2-932d-80a78a5c4f36', '🏠 Главное меню', 'block', '235742a9-d74b-4af2-ab6e-54b50f000b0b', NULL, NULL, NULL, NULL, 2, 0, 2, 2, '2026-04-14 21:15:57.951', '2026-04-21 15:10:01.733') ON CONFLICT DO NOTHING;
INSERT INTO public.bot_buttons (id, block_id, label, type, next_block_id, url, copy_text, style, icon_custom_emoji_id, "row", col, sort_order, click_count, created_at, updated_at) VALUES ('bea1af9c-0fbd-4ede-a4b6-bfef07d7f2c3', 'a09787ce-0620-4feb-84c5-dcdf8a2194c4', '⬅️ Меню', 'block', '235742a9-d74b-4af2-ab6e-54b50f000b0b', NULL, NULL, NULL, NULL, 2, 0, 2, 4, '2026-04-14 21:15:58.136', '2026-04-21 18:15:42.019') ON CONFLICT DO NOTHING;
INSERT INTO public.bot_buttons (id, block_id, label, type, next_block_id, url, copy_text, style, icon_custom_emoji_id, "row", col, sort_order, click_count, created_at, updated_at) VALUES ('83839796-3b3d-4b7f-8d22-79cb14badda7', '235742a9-d74b-4af2-ab6e-54b50f000b0b', '💳 Тарифы', 'block', '5cdc9a17-ab00-4227-9d35-c3929e66f96b', NULL, NULL, NULL, NULL, 0, 1, 1, 8, '2026-04-14 21:15:58.032', '2026-04-21 18:15:53.211') ON CONFLICT DO NOTHING;
INSERT INTO public.bot_buttons (id, block_id, label, type, next_block_id, url, copy_text, style, icon_custom_emoji_id, "row", col, sort_order, click_count, created_at, updated_at) VALUES ('99803d81-947a-4431-9e9a-345882d606ab', '2b8d6210-adbd-46c6-ae14-fcaac54e7e3b', '🏠 Главное меню', 'block', NULL, NULL, NULL, NULL, NULL, 2, 0, 2, 0, '2026-04-14 21:15:58.22', '2026-04-21 18:42:22.38') ON CONFLICT DO NOTHING;
INSERT INTO public.bot_buttons (id, block_id, label, type, next_block_id, url, copy_text, style, icon_custom_emoji_id, "row", col, sort_order, click_count, created_at, updated_at) VALUES ('3a15d54c-863c-4a35-a478-a9b0deee2949', '64189336-0b8a-4b74-a882-4a2083bc97a3', '💳 Выбрать тариф', 'block', '5cdc9a17-ab00-4227-9d35-c3929e66f96b', NULL, NULL, 'success', NULL, 0, 0, 0, 0, '2026-04-14 21:15:57.964', '2026-04-14 21:15:57.964') ON CONFLICT DO NOTHING;
INSERT INTO public.bot_buttons (id, block_id, label, type, next_block_id, url, copy_text, style, icon_custom_emoji_id, "row", col, sort_order, click_count, created_at, updated_at) VALUES ('14a227e2-a666-4427-a3cf-4e3d890afdfc', '64189336-0b8a-4b74-a882-4a2083bc97a3', '🎟 Есть промокод?', 'block', 'ec8c7aea-d2d5-4b03-bf33-2bdad517b8dd', NULL, NULL, NULL, NULL, 1, 0, 1, 0, '2026-04-14 21:15:57.967', '2026-04-14 21:15:57.967') ON CONFLICT DO NOTHING;
INSERT INTO public.bot_buttons (id, block_id, label, type, next_block_id, url, copy_text, style, icon_custom_emoji_id, "row", col, sort_order, click_count, created_at, updated_at) VALUES ('b103bfc0-d9c3-4247-ae29-dbfdf38a04bf', '64189336-0b8a-4b74-a882-4a2083bc97a3', '🏠 Главное меню', 'block', '235742a9-d74b-4af2-ab6e-54b50f000b0b', NULL, NULL, NULL, NULL, 2, 0, 2, 0, '2026-04-14 21:15:57.969', '2026-04-14 21:15:57.969') ON CONFLICT DO NOTHING;
INSERT INTO public.bot_buttons (id, block_id, label, type, next_block_id, url, copy_text, style, icon_custom_emoji_id, "row", col, sort_order, click_count, created_at, updated_at) VALUES ('94017948-eab8-4cd4-a13d-bb949d153118', 'b441e17c-082c-471e-aa5a-7951a324313c', '📧 Привязать email + триал', 'block', '93b77b3a-c83a-47b1-a31b-e114fded3e18', NULL, NULL, 'success', NULL, 0, 0, 0, 0, '2026-04-14 21:15:57.972', '2026-04-14 21:15:57.972') ON CONFLICT DO NOTHING;
INSERT INTO public.bot_buttons (id, block_id, label, type, next_block_id, url, copy_text, style, icon_custom_emoji_id, "row", col, sort_order, click_count, created_at, updated_at) VALUES ('5249bbaa-282b-41c0-94d8-4201d13decb3', 'b441e17c-082c-471e-aa5a-7951a324313c', '💳 Выбрать платный тариф', 'block', '5cdc9a17-ab00-4227-9d35-c3929e66f96b', NULL, NULL, NULL, NULL, 2, 0, 2, 0, '2026-04-14 21:15:57.981', '2026-04-14 21:15:57.981') ON CONFLICT DO NOTHING;
INSERT INTO public.bot_buttons (id, block_id, label, type, next_block_id, url, copy_text, style, icon_custom_emoji_id, "row", col, sort_order, click_count, created_at, updated_at) VALUES ('6ced5671-c81a-4004-be85-404775e40209', '6052d376-bf7c-4022-8b81-11b7e3924fe8', '🎁 Активировать триал', 'block', '503a0569-824c-49a2-b23b-3730954278fb', NULL, NULL, 'success', NULL, 0, 0, 0, 0, '2026-04-14 21:15:57.987', '2026-04-14 21:15:57.987') ON CONFLICT DO NOTHING;
INSERT INTO public.bot_buttons (id, block_id, label, type, next_block_id, url, copy_text, style, icon_custom_emoji_id, "row", col, sort_order, click_count, created_at, updated_at) VALUES ('998067b5-fd8b-4c18-9e8e-d4c65a7fcfb4', '6052d376-bf7c-4022-8b81-11b7e3924fe8', '💳 Выбрать тариф', 'block', '5cdc9a17-ab00-4227-9d35-c3929e66f96b', NULL, NULL, NULL, NULL, 1, 0, 1, 0, '2026-04-14 21:15:57.995', '2026-04-14 21:15:57.995') ON CONFLICT DO NOTHING;
INSERT INTO public.bot_buttons (id, block_id, label, type, next_block_id, url, copy_text, style, icon_custom_emoji_id, "row", col, sort_order, click_count, created_at, updated_at) VALUES ('9c7c81ec-72d7-4f36-a3ce-e372cf9a3de3', 'd00f9c1e-cec6-45d5-acb0-79f00767bbcd', '📱 Инструкции', 'block', 'c4ecdfc3-2b66-4d2f-8b81-5fae51c3e5e6', NULL, NULL, 'success', NULL, 0, 0, 0, 0, '2026-04-14 21:15:57.998', '2026-04-14 21:15:57.998') ON CONFLICT DO NOTHING;
INSERT INTO public.bot_buttons (id, block_id, label, type, next_block_id, url, copy_text, style, icon_custom_emoji_id, "row", col, sort_order, click_count, created_at, updated_at) VALUES ('e4163757-8a73-4c82-8fa7-d3e56c4e46f3', 'd00f9c1e-cec6-45d5-acb0-79f00767bbcd', '📋 Копировать URL', 'copy_text', NULL, NULL, '{subLink}', NULL, NULL, 1, 0, 1, 0, '2026-04-14 21:15:58.007', '2026-04-14 21:15:58.007') ON CONFLICT DO NOTHING;
INSERT INTO public.bot_buttons (id, block_id, label, type, next_block_id, url, copy_text, style, icon_custom_emoji_id, "row", col, sort_order, click_count, created_at, updated_at) VALUES ('e2991c63-b6d1-4d15-8dbb-d983185b3b59', '235742a9-d74b-4af2-ab6e-54b50f000b0b', '📱 Инструкции', 'block', 'c4ecdfc3-2b66-4d2f-8b81-5fae51c3e5e6', NULL, NULL, NULL, NULL, 1, 0, 2, 0, '2026-04-14 21:15:58.036', '2026-04-14 21:15:58.036') ON CONFLICT DO NOTHING;
INSERT INTO public.bot_buttons (id, block_id, label, type, next_block_id, url, copy_text, style, icon_custom_emoji_id, "row", col, sort_order, click_count, created_at, updated_at) VALUES ('871de5ab-db52-4647-b88d-933d3f129160', '235742a9-d74b-4af2-ab6e-54b50f000b0b', '🎟 Промокод', 'block', 'ec8c7aea-d2d5-4b03-bf33-2bdad517b8dd', NULL, NULL, NULL, NULL, 2, 1, 5, 0, '2026-04-14 21:15:58.047', '2026-04-14 21:15:58.047') ON CONFLICT DO NOTHING;
INSERT INTO public.bot_buttons (id, block_id, label, type, next_block_id, url, copy_text, style, icon_custom_emoji_id, "row", col, sort_order, click_count, created_at, updated_at) VALUES ('fd4cad31-f526-4d9d-aae9-86b8a6c0c879', '235742a9-d74b-4af2-ab6e-54b50f000b0b', '💰 Баланс', 'block', 'b2066e1d-936f-4bc2-aa1a-bc01037ce277', NULL, NULL, NULL, NULL, 2, 0, 4, 1, '2026-04-14 21:15:58.043', '2026-04-16 13:55:48.252') ON CONFLICT DO NOTHING;
INSERT INTO public.bot_buttons (id, block_id, label, type, next_block_id, url, copy_text, style, icon_custom_emoji_id, "row", col, sort_order, click_count, created_at, updated_at) VALUES ('a0b072b8-fc10-4b7c-9ba2-faadc7c8dbe0', '235742a9-d74b-4af2-ab6e-54b50f000b0b', '⚙️ Профиль', 'block', '68218aed-f757-45ee-ac05-83f8cda7e7f5', NULL, NULL, NULL, NULL, 3, 1, 7, 1, '2026-04-14 21:15:58.054', '2026-04-17 20:14:30.442') ON CONFLICT DO NOTHING;
INSERT INTO public.bot_buttons (id, block_id, label, type, next_block_id, url, copy_text, style, icon_custom_emoji_id, "row", col, sort_order, click_count, created_at, updated_at) VALUES ('18ce8f86-a293-42a0-8eb1-780f3c2e60d2', '89a30fb3-0d77-4b61-a6c7-b21e99adce68', '📋 Копировать URL', 'copy_text', NULL, NULL, '{subLink}', NULL, NULL, 0, 0, 0, 0, '2026-04-14 21:15:58.057', '2026-04-14 21:15:58.057') ON CONFLICT DO NOTHING;
INSERT INTO public.bot_buttons (id, block_id, label, type, next_block_id, url, copy_text, style, icon_custom_emoji_id, "row", col, sort_order, click_count, created_at, updated_at) VALUES ('414956cf-9ac9-447d-8318-66bc493564b6', '89a30fb3-0d77-4b61-a6c7-b21e99adce68', '📱 Инструкции', 'block', 'c4ecdfc3-2b66-4d2f-8b81-5fae51c3e5e6', NULL, NULL, NULL, NULL, 1, 0, 1, 0, '2026-04-14 21:15:58.062', '2026-04-14 21:15:58.062') ON CONFLICT DO NOTHING;
INSERT INTO public.bot_buttons (id, block_id, label, type, next_block_id, url, copy_text, style, icon_custom_emoji_id, "row", col, sort_order, click_count, created_at, updated_at) VALUES ('b099153b-3409-4160-8094-a204393b0b90', '89a30fb3-0d77-4b61-a6c7-b21e99adce68', '🔄 Продлить', 'block', '5cdc9a17-ab00-4227-9d35-c3929e66f96b', NULL, NULL, NULL, NULL, 2, 0, 2, 0, '2026-04-14 21:15:58.068', '2026-04-14 21:15:58.068') ON CONFLICT DO NOTHING;
INSERT INTO public.bot_buttons (id, block_id, label, type, next_block_id, url, copy_text, style, icon_custom_emoji_id, "row", col, sort_order, click_count, created_at, updated_at) VALUES ('8abfcb35-978e-4bd9-bcb5-e6dc29a76263', '89a30fb3-0d77-4b61-a6c7-b21e99adce68', '🔁 Пересоздать URL', 'block', '9945276a-e0de-46fb-b5c0-c7bf1d78df32', NULL, NULL, NULL, NULL, 3, 0, 3, 0, '2026-04-14 21:15:58.074', '2026-04-14 21:15:58.074') ON CONFLICT DO NOTHING;
INSERT INTO public.bot_buttons (id, block_id, label, type, next_block_id, url, copy_text, style, icon_custom_emoji_id, "row", col, sort_order, click_count, created_at, updated_at) VALUES ('41b46ead-305e-4680-ac35-25b212c8bc6f', 'f85592ff-6497-4420-a5b3-6c3565d2f8d4', '💳 Выбрать тариф', 'block', '5cdc9a17-ab00-4227-9d35-c3929e66f96b', NULL, NULL, 'success', NULL, 0, 0, 0, 0, '2026-04-14 21:15:58.082', '2026-04-14 21:15:58.082') ON CONFLICT DO NOTHING;
INSERT INTO public.bot_buttons (id, block_id, label, type, next_block_id, url, copy_text, style, icon_custom_emoji_id, "row", col, sort_order, click_count, created_at, updated_at) VALUES ('8f811590-fa71-4850-98be-ba85e8478e67', 'f85592ff-6497-4420-a5b3-6c3565d2f8d4', '⬅️ Меню', 'block', '235742a9-d74b-4af2-ab6e-54b50f000b0b', NULL, NULL, NULL, NULL, 1, 0, 1, 0, '2026-04-14 21:15:58.086', '2026-04-14 21:15:58.086') ON CONFLICT DO NOTHING;
INSERT INTO public.bot_buttons (id, block_id, label, type, next_block_id, url, copy_text, style, icon_custom_emoji_id, "row", col, sort_order, click_count, created_at, updated_at) VALUES ('2480a0ed-400e-4fc2-876a-e2cb51412a1d', '9945276a-e0de-46fb-b5c0-c7bf1d78df32', '✅ Да, пересоздать', 'block', '94c95ae7-92f9-45d7-a807-a9586b22f020', NULL, NULL, 'danger', NULL, 0, 0, 0, 0, '2026-04-14 21:15:58.09', '2026-04-14 21:15:58.09') ON CONFLICT DO NOTHING;
INSERT INTO public.bot_buttons (id, block_id, label, type, next_block_id, url, copy_text, style, icon_custom_emoji_id, "row", col, sort_order, click_count, created_at, updated_at) VALUES ('caedfa1a-6606-4e70-b1ed-23605902ab36', '9945276a-e0de-46fb-b5c0-c7bf1d78df32', '❌ Отмена', 'block', '4c62d624-606b-4894-bc3a-9682e211cb74', NULL, NULL, NULL, NULL, 1, 0, 1, 0, '2026-04-14 21:15:58.094', '2026-04-14 21:15:58.094') ON CONFLICT DO NOTHING;
INSERT INTO public.bot_buttons (id, block_id, label, type, next_block_id, url, copy_text, style, icon_custom_emoji_id, "row", col, sort_order, click_count, created_at, updated_at) VALUES ('bbe2dc85-bf1d-4f12-91f2-69dcf1c3ebe5', '69ac9446-3868-44a3-a9ad-5faed903d54d', '📋 Копировать новую', 'copy_text', NULL, NULL, '{subLink}', NULL, NULL, 0, 0, 0, 0, '2026-04-14 21:15:58.096', '2026-04-14 21:15:58.096') ON CONFLICT DO NOTHING;
INSERT INTO public.bot_buttons (id, block_id, label, type, next_block_id, url, copy_text, style, icon_custom_emoji_id, "row", col, sort_order, click_count, created_at, updated_at) VALUES ('bc85fbc4-3e97-4f0d-9189-3a67ee56ff30', '69ac9446-3868-44a3-a9ad-5faed903d54d', '📱 Инструкции', 'block', 'c4ecdfc3-2b66-4d2f-8b81-5fae51c3e5e6', NULL, NULL, NULL, NULL, 1, 0, 1, 0, '2026-04-14 21:15:58.1', '2026-04-14 21:15:58.1') ON CONFLICT DO NOTHING;
INSERT INTO public.bot_buttons (id, block_id, label, type, next_block_id, url, copy_text, style, icon_custom_emoji_id, "row", col, sort_order, click_count, created_at, updated_at) VALUES ('77af55e2-badb-48cc-933c-84a02d10051a', '69ac9446-3868-44a3-a9ad-5faed903d54d', '🏠 Меню', 'block', '235742a9-d74b-4af2-ab6e-54b50f000b0b', NULL, NULL, NULL, NULL, 2, 0, 2, 0, '2026-04-14 21:15:58.104', '2026-04-14 21:15:58.104') ON CONFLICT DO NOTHING;
INSERT INTO public.bot_buttons (id, block_id, label, type, next_block_id, url, copy_text, style, icon_custom_emoji_id, "row", col, sort_order, click_count, created_at, updated_at) VALUES ('892928bc-9c72-4c17-99a1-b4c861f53617', 'c4ecdfc3-2b66-4d2f-8b81-5fae51c3e5e6', '🍎 iPhone/iPad', 'webapp', NULL, '{appUrl}/dashboard/instructions?os=ios', NULL, NULL, NULL, 0, 0, 0, 0, '2026-04-14 21:15:58.108', '2026-04-14 21:15:58.108') ON CONFLICT DO NOTHING;
INSERT INTO public.bot_buttons (id, block_id, label, type, next_block_id, url, copy_text, style, icon_custom_emoji_id, "row", col, sort_order, click_count, created_at, updated_at) VALUES ('ff4d86f6-5092-48d0-8cb5-03a7f967f418', 'c4ecdfc3-2b66-4d2f-8b81-5fae51c3e5e6', '🤖 Android', 'webapp', NULL, '{appUrl}/dashboard/instructions?os=android', NULL, NULL, NULL, 0, 1, 1, 0, '2026-04-14 21:15:58.111', '2026-04-14 21:15:58.111') ON CONFLICT DO NOTHING;
INSERT INTO public.bot_buttons (id, block_id, label, type, next_block_id, url, copy_text, style, icon_custom_emoji_id, "row", col, sort_order, click_count, created_at, updated_at) VALUES ('a9a216ca-f87d-438b-a0aa-0c4dd08e80a7', 'c4ecdfc3-2b66-4d2f-8b81-5fae51c3e5e6', '💻 macOS', 'webapp', NULL, '{appUrl}/dashboard/instructions?os=macos', NULL, NULL, NULL, 1, 0, 2, 0, '2026-04-14 21:15:58.114', '2026-04-14 21:15:58.114') ON CONFLICT DO NOTHING;
INSERT INTO public.bot_buttons (id, block_id, label, type, next_block_id, url, copy_text, style, icon_custom_emoji_id, "row", col, sort_order, click_count, created_at, updated_at) VALUES ('830819a2-7415-492c-beaf-931b65a719f5', 'c4ecdfc3-2b66-4d2f-8b81-5fae51c3e5e6', '🖥 Windows', 'webapp', NULL, '{appUrl}/dashboard/instructions?os=windows', NULL, NULL, NULL, 1, 1, 3, 0, '2026-04-14 21:15:58.117', '2026-04-14 21:15:58.117') ON CONFLICT DO NOTHING;
INSERT INTO public.bot_buttons (id, block_id, label, type, next_block_id, url, copy_text, style, icon_custom_emoji_id, "row", col, sort_order, click_count, created_at, updated_at) VALUES ('f5f4df31-f68e-4be3-a9ac-a2d51b542749', 'c4ecdfc3-2b66-4d2f-8b81-5fae51c3e5e6', '📺 Android TV', 'webapp', NULL, '{appUrl}/dashboard/instructions?os=androidtv', NULL, NULL, NULL, 2, 0, 4, 0, '2026-04-14 21:15:58.12', '2026-04-14 21:15:58.12') ON CONFLICT DO NOTHING;
INSERT INTO public.bot_buttons (id, block_id, label, type, next_block_id, url, copy_text, style, icon_custom_emoji_id, "row", col, sort_order, click_count, created_at, updated_at) VALUES ('3676bb6b-71ec-4caa-801e-409b4cfdf905', 'c4ecdfc3-2b66-4d2f-8b81-5fae51c3e5e6', '⬅️ Меню', 'block', '235742a9-d74b-4af2-ab6e-54b50f000b0b', NULL, NULL, NULL, NULL, 3, 0, 5, 0, '2026-04-14 21:15:58.124', '2026-04-14 21:15:58.124') ON CONFLICT DO NOTHING;
INSERT INTO public.bot_buttons (id, block_id, label, type, next_block_id, url, copy_text, style, icon_custom_emoji_id, "row", col, sort_order, click_count, created_at, updated_at) VALUES ('c24cf97e-7c0e-424a-ae7c-480e1f4fa6db', 'a09787ce-0620-4feb-84c5-dcdf8a2194c4', '📋 Скопировать ссылку', 'copy_text', NULL, NULL, '{referralUrl}', NULL, NULL, 0, 0, 0, 0, '2026-04-14 21:15:58.128', '2026-04-14 21:15:58.128') ON CONFLICT DO NOTHING;
INSERT INTO public.bot_buttons (id, block_id, label, type, next_block_id, url, copy_text, style, icon_custom_emoji_id, "row", col, sort_order, click_count, created_at, updated_at) VALUES ('90080b82-fb75-4e85-aa99-dadecc250406', '3b1bd8e4-0802-4e53-bde9-d16fe8d580c0', '📧 Привязать email (рекомендуется)', 'block', '93b77b3a-c83a-47b1-a31b-e114fded3e18', NULL, NULL, 'success', NULL, 0, 0, 0, 2, '2026-04-14 21:15:57.955', '2026-04-21 12:32:44.382') ON CONFLICT DO NOTHING;
INSERT INTO public.bot_buttons (id, block_id, label, type, next_block_id, url, copy_text, style, icon_custom_emoji_id, "row", col, sort_order, click_count, created_at, updated_at) VALUES ('d2957128-ca6d-4124-b9e9-a3be67c6a58d', '89a30fb3-0d77-4b61-a6c7-b21e99adce68', '⬅️ Меню', 'block', '235742a9-d74b-4af2-ab6e-54b50f000b0b', NULL, NULL, NULL, NULL, 4, 0, 4, 3, '2026-04-14 21:15:58.078', '2026-04-21 18:15:29.833') ON CONFLICT DO NOTHING;
INSERT INTO public.bot_buttons (id, block_id, label, type, next_block_id, url, copy_text, style, icon_custom_emoji_id, "row", col, sort_order, click_count, created_at, updated_at) VALUES ('7666c26e-f895-4811-99af-f73f0d90aeb0', '235742a9-d74b-4af2-ab6e-54b50f000b0b', '👥 Рефералы', 'block', 'a09787ce-0620-4feb-84c5-dcdf8a2194c4', NULL, NULL, NULL, NULL, 1, 1, 3, 5, '2026-04-14 21:15:58.04', '2026-04-21 18:15:32.503') ON CONFLICT DO NOTHING;
INSERT INTO public.bot_buttons (id, block_id, label, type, next_block_id, url, copy_text, style, icon_custom_emoji_id, "row", col, sort_order, click_count, created_at, updated_at) VALUES ('7c793e18-7609-49db-b8b4-44e83909e861', '235742a9-d74b-4af2-ab6e-54b50f000b0b', '🆘 Поддержка', 'block', 'dd189e17-dfd1-485c-9f16-1f384b1d59e8', NULL, NULL, NULL, NULL, 3, 0, 6, 2, '2026-04-14 21:15:58.051', '2026-04-21 18:36:54.179') ON CONFLICT DO NOTHING;
INSERT INTO public.bot_buttons (id, block_id, label, type, next_block_id, url, copy_text, style, icon_custom_emoji_id, "row", col, sort_order, click_count, created_at, updated_at) VALUES ('c2ac2615-b63a-48b2-8e2e-78780e750cee', '878425f5-ce69-4011-979c-774dc81e87f8', '🏠 Главное меню', 'block', 'a39ee4ca-f05c-4874-a280-6fb60f682d10', NULL, NULL, 'success', NULL, 0, 0, 0, 7, '2026-04-14 21:15:57.94', '2026-04-22 09:14:21.096') ON CONFLICT DO NOTHING;


--
-- Data for Name: bot_triggers; Type: TABLE DATA; Schema: public; Owner: hideyou
--

INSERT INTO public.bot_triggers (id, type, value, block_id, priority, created_at, updated_at) VALUES ('a36a84f9-20e2-4c75-a18f-4382e49f9b35', 'command', '/start', 'b85aece5-41eb-4bc1-b72d-1ab9921b599e', 100, '2026-04-14 21:15:58.234', '2026-04-14 21:15:58.234') ON CONFLICT DO NOTHING;
INSERT INTO public.bot_triggers (id, type, value, block_id, priority, created_at, updated_at) VALUES ('19689168-0f96-4827-87a7-3466d5993677', 'event', 'new_user', '3dbde6fa-6708-4737-8e65-125d17cbfa39', 100, '2026-04-14 21:15:58.243', '2026-04-14 21:15:58.243') ON CONFLICT DO NOTHING;
INSERT INTO public.bot_triggers (id, type, value, block_id, priority, created_at, updated_at) VALUES ('1632bc78-5d9c-4614-aa35-ba619f5ca3c2', 'command', '/menu', '235742a9-d74b-4af2-ab6e-54b50f000b0b', 90, '2026-04-14 21:15:58.247', '2026-04-14 21:15:58.247') ON CONFLICT DO NOTHING;
INSERT INTO public.bot_triggers (id, type, value, block_id, priority, created_at, updated_at) VALUES ('506a92d4-0fa5-4e4f-87fe-fd0a0ad36260', 'command', '/support', 'dd189e17-dfd1-485c-9f16-1f384b1d59e8', 80, '2026-04-14 21:15:58.252', '2026-04-14 21:15:58.252') ON CONFLICT DO NOTHING;
INSERT INTO public.bot_triggers (id, type, value, block_id, priority, created_at, updated_at) VALUES ('136a39a1-4a69-4322-b859-ea76098b642f', 'command', '/help', 'dd189e17-dfd1-485c-9f16-1f384b1d59e8', 80, '2026-04-14 21:15:58.256', '2026-04-14 21:15:58.256') ON CONFLICT DO NOTHING;
INSERT INTO public.bot_triggers (id, type, value, block_id, priority, created_at, updated_at) VALUES ('1dcbe11b-f7b3-484c-897a-3653f26fc0d3', 'command', '/tariffs', '5cdc9a17-ab00-4227-9d35-c3929e66f96b', 80, '2026-04-14 21:15:58.26', '2026-04-14 21:15:58.26') ON CONFLICT DO NOTHING;
INSERT INTO public.bot_triggers (id, type, value, block_id, priority, created_at, updated_at) VALUES ('ff5e0399-a66d-424f-bed9-94f48788cc49', 'command', '/email', '93b77b3a-c83a-47b1-a31b-e114fded3e18', 80, '2026-04-14 21:15:58.264', '2026-04-14 21:15:58.264') ON CONFLICT DO NOTHING;
INSERT INTO public.bot_triggers (id, type, value, block_id, priority, created_at, updated_at) VALUES ('1143e8cb-f0f4-4249-8ebc-019c6e0e8dee', 'command', '/promo', 'ec8c7aea-d2d5-4b03-bf33-2bdad517b8dd', 80, '2026-04-14 21:15:58.268', '2026-04-14 21:15:58.268') ON CONFLICT DO NOTHING;
INSERT INTO public.bot_triggers (id, type, value, block_id, priority, created_at, updated_at) VALUES ('da382f2d-bd52-49ce-8069-5855515421a6', 'command', '/referral', 'a09787ce-0620-4feb-84c5-dcdf8a2194c4', 80, '2026-04-14 21:15:58.272', '2026-04-14 21:15:58.272') ON CONFLICT DO NOTHING;
INSERT INTO public.bot_triggers (id, type, value, block_id, priority, created_at, updated_at) VALUES ('385a1722-5dee-4490-8b47-9afd1b79db9a', 'command', '/balance', 'b2066e1d-936f-4bc2-aa1a-bc01037ce277', 80, '2026-04-14 21:15:58.279', '2026-04-14 21:15:58.279') ON CONFLICT DO NOTHING;
INSERT INTO public.bot_triggers (id, type, value, block_id, priority, created_at, updated_at) VALUES ('3fa99402-c807-4773-8aca-7c19e6be4d91', 'command', '/profile', '68218aed-f757-45ee-ac05-83f8cda7e7f5', 80, '2026-04-14 21:15:58.282', '2026-04-14 21:15:58.282') ON CONFLICT DO NOTHING;
INSERT INTO public.bot_triggers (id, type, value, block_id, priority, created_at, updated_at) VALUES ('74e6cf5e-6d2a-4fa0-afae-00c061ec4aea', 'command', '/sub', '4c62d624-606b-4894-bc3a-9682e211cb74', 80, '2026-04-14 21:15:58.286', '2026-04-14 21:15:58.286') ON CONFLICT DO NOTHING;
INSERT INTO public.bot_triggers (id, type, value, block_id, priority, created_at, updated_at) VALUES ('d921e263-88e2-4d98-9771-a2a6b911ac67', 'event', 'payment.success', '2b8d6210-adbd-46c6-ae14-fcaac54e7e3b', 100, '2026-04-14 21:15:58.291', '2026-04-14 21:15:58.291') ON CONFLICT DO NOTHING;
INSERT INTO public.bot_triggers (id, type, value, block_id, priority, created_at, updated_at) VALUES ('4dc27aa6-5225-4e62-b419-d60a31a9e53c', 'event', 'payment.fail', '586bb9ab-d491-46f5-85d8-3654ead21d46', 100, '2026-04-14 21:15:58.294', '2026-04-14 21:15:58.294') ON CONFLICT DO NOTHING;


--
-- Data for Name: funnels; Type: TABLE DATA; Schema: public; Owner: hideyou
--

INSERT INTO public.funnels (id, trigger_id, name, description, enabled, is_custom, sort_order, created_at, updated_at, anti_spam_hours, category, max_messages, priority, quiet_hours_end, quiet_hours_start, stop_on_connect, stop_on_payment, stop_on_tag, stop_on_unsub, timeout_days, timezone, work_hours_end, work_hours_start, sandbox_mode, sandbox_tag, stop_on_active_sub, stop_on_bot_message) VALUES ('c8ec7582-840c-41fa-b537-45842875504a', NULL, '🎉 🎉 Первое подключение', 'Поздравление при первом коннекте', true, true, 10, '2026-04-16 10:22:53.472', '2026-04-16 10:23:34.886', NULL, 'onboarding', NULL, 100, NULL, NULL, false, false, NULL, false, NULL, NULL, NULL, NULL, false, NULL, false, false) ON CONFLICT DO NOTHING;
INSERT INTO public.funnels (id, trigger_id, name, description, enabled, is_custom, sort_order, created_at, updated_at, anti_spam_hours, category, max_messages, priority, quiet_hours_end, quiet_hours_start, stop_on_connect, stop_on_payment, stop_on_tag, stop_on_unsub, timeout_days, timezone, work_hours_end, work_hours_start, sandbox_mode, sandbox_tag, stop_on_active_sub, stop_on_bot_message) VALUES ('295833d6-3ab7-491d-bb9e-82703ac377df', NULL, '📱 📱 Новое устройство', 'Security alert (webhook)', true, true, 20, '2026-04-16 11:00:21.586', '2026-04-16 11:00:34.864', NULL, 'security', NULL, 100, NULL, NULL, false, false, NULL, false, NULL, NULL, NULL, NULL, false, NULL, false, false) ON CONFLICT DO NOTHING;
INSERT INTO public.funnels (id, trigger_id, name, description, enabled, is_custom, sort_order, created_at, updated_at, anti_spam_hours, category, max_messages, priority, quiet_hours_end, quiet_hours_start, stop_on_connect, stop_on_payment, stop_on_tag, stop_on_unsub, timeout_days, timezone, work_hours_end, work_hours_start, sandbox_mode, sandbox_tag, stop_on_active_sub, stop_on_bot_message) VALUES ('a3b21687-4f99-484e-b655-5a69300a086d', NULL, '🎁 ⏰ Не активировал триал 1 час', 'Через час после регистрации, если не взял триал', true, true, 30, '2026-04-16 11:10:21.112', '2026-04-16 11:10:42.263', NULL, 'state', NULL, 100, NULL, NULL, false, false, NULL, false, NULL, NULL, NULL, NULL, false, NULL, true, false) ON CONFLICT DO NOTHING;
INSERT INTO public.funnels (id, trigger_id, name, description, enabled, is_custom, sort_order, created_at, updated_at, anti_spam_hours, category, max_messages, priority, quiet_hours_end, quiet_hours_start, stop_on_connect, stop_on_payment, stop_on_tag, stop_on_unsub, timeout_days, timezone, work_hours_end, work_hours_start, sandbox_mode, sandbox_tag, stop_on_active_sub, stop_on_bot_message) VALUES ('4c8fcb3c-0c29-49d9-8352-b06badb4664d', NULL, '🆘 🆘 Так и не подключились', 'Подписка есть, но не было первого подключения — пишем поддержку', true, true, 40, '2026-04-16 12:22:05.016', '2026-04-16 12:22:05.016', NULL, 'state', NULL, 0, NULL, NULL, true, false, NULL, false, NULL, NULL, NULL, NULL, false, NULL, false, false) ON CONFLICT DO NOTHING;
INSERT INTO public.funnels (id, trigger_id, name, description, enabled, is_custom, sort_order, created_at, updated_at, anti_spam_hours, category, max_messages, priority, quiet_hours_end, quiet_hours_start, stop_on_connect, stop_on_payment, stop_on_tag, stop_on_unsub, timeout_days, timezone, work_hours_end, work_hours_start, sandbox_mode, sandbox_tag, stop_on_active_sub, stop_on_bot_message) VALUES ('07a57bb3-326b-4f17-aa24-3c810b84d585', NULL, '⚠️ ⚠️ Истекает через 3 дня', 'За 3 дня до окончания (webhook)', true, true, 50, '2026-04-16 12:27:23.396', '2026-04-16 12:28:50.563', NULL, 'subscription', NULL, 100, NULL, NULL, false, false, NULL, false, NULL, NULL, NULL, NULL, false, NULL, false, false) ON CONFLICT DO NOTHING;
INSERT INTO public.funnels (id, trigger_id, name, description, enabled, is_custom, sort_order, created_at, updated_at, anti_spam_hours, category, max_messages, priority, quiet_hours_end, quiet_hours_start, stop_on_connect, stop_on_payment, stop_on_tag, stop_on_unsub, timeout_days, timezone, work_hours_end, work_hours_start, sandbox_mode, sandbox_tag, stop_on_active_sub, stop_on_bot_message) VALUES ('8179e469-fbef-4381-ac4e-024033e15d1a', NULL, '⏰ ⏰ Триал заканчивается через 1 день', 'У юзера триал — напомнить купить за день до конца', true, true, 60, '2026-04-16 12:29:41.1', '2026-04-16 12:30:47.886', NULL, 'state', NULL, 100, NULL, NULL, false, false, NULL, false, NULL, NULL, NULL, NULL, false, NULL, false, false) ON CONFLICT DO NOTHING;
INSERT INTO public.funnels (id, trigger_id, name, description, enabled, is_custom, sort_order, created_at, updated_at, anti_spam_hours, category, max_messages, priority, quiet_hours_end, quiet_hours_start, stop_on_connect, stop_on_payment, stop_on_tag, stop_on_unsub, timeout_days, timezone, work_hours_end, work_hours_start, sandbox_mode, sandbox_tag, stop_on_active_sub, stop_on_bot_message) VALUES ('a371bda9-c1ad-4ef2-8774-d7fbfaf57cc3', NULL, '❌ ❌ Истекла сегодня', 'Подписка истекла — промо 15% (webhook)', true, true, 70, '2026-04-16 12:35:04.447', '2026-04-16 12:35:17.432', NULL, 'subscription', NULL, 100, NULL, NULL, false, false, NULL, false, NULL, NULL, NULL, NULL, false, NULL, false, false) ON CONFLICT DO NOTHING;
INSERT INTO public.funnels (id, trigger_id, name, description, enabled, is_custom, sort_order, created_at, updated_at, anti_spam_hours, category, max_messages, priority, quiet_hours_end, quiet_hours_start, stop_on_connect, stop_on_payment, stop_on_tag, stop_on_unsub, timeout_days, timezone, work_hours_end, work_hours_start, sandbox_mode, sandbox_tag, stop_on_active_sub, stop_on_bot_message) VALUES ('3ab7d663-e22f-4b23-a1d2-31ae7ab22e4e', NULL, '💰 💰 Реферал оплатил', 'Друг оплатил — бонус', true, true, 80, '2026-04-16 12:41:44.1', '2026-04-16 12:43:25.914', NULL, 'referral', NULL, 100, NULL, NULL, false, false, NULL, false, NULL, NULL, NULL, NULL, false, NULL, false, false) ON CONFLICT DO NOTHING;
INSERT INTO public.funnels (id, trigger_id, name, description, enabled, is_custom, sort_order, created_at, updated_at, anti_spam_hours, category, max_messages, priority, quiet_hours_end, quiet_hours_start, stop_on_connect, stop_on_payment, stop_on_tag, stop_on_unsub, timeout_days, timezone, work_hours_end, work_hours_start, sandbox_mode, sandbox_tag, stop_on_active_sub, stop_on_bot_message) VALUES ('56d94ef1-b168-4ff1-8454-e84e444ac753', 'expired', 'Ретаргет — подписка закончилась', 'Автоматический ретаргет после окончания подписки. Каждые 2 дня: 5 напоминаний → 5 растущих скидок (10%→50%, каждая живёт 24ч) → подарок 5 дней. Останавливается при оплате или когда юзер блокирует бота.', false, true, 0, '2026-04-23 14:05:54.87', '2026-04-23 14:05:55.66', 12, 'retention', NULL, 0, NULL, NULL, false, true, NULL, false, NULL, NULL, NULL, NULL, false, NULL, true, false) ON CONFLICT DO NOTHING;


--
-- Data for Name: funnel_nodes; Type: TABLE DATA; Schema: public; Owner: hideyou
--

INSERT INTO public.funnel_nodes (id, funnel_id, node_type, name, pos_x, pos_y, next_node_id, true_node_id, false_node_id, trigger_type, trigger_param, delay_type, delay_value, delay_time, delay_weekdays, condition_type, condition_value, condition_logic, conditions, channel_tg, channel_email, channel_lk, channel_push, tg_text, tg_buttons, tg_parse_mode, tg_media_url, tg_media_type, tg_pin, tg_delete_prev, email_subject, email_html, email_btn_text, email_btn_url, email_template, lk_title, lk_message, lk_type, action_type, action_value_str, action_promo_expiry, split_percent, wait_event, wait_timeout, goto_target_type, goto_target_id, http_url, http_method, http_headers, http_body, notify_channel, notify_text, repeat_enabled, repeat_interval, repeat_max, created_at, updated_at) VALUES ('21685dad-9a84-416b-94f4-544d11faa5c5', '8179e469-fbef-4381-ac4e-024033e15d1a', 'trigger', '⏰ Триал заканчивается через 1 день', 0, 100, NULL, NULL, NULL, 'state_on_trial_about_to_expire', 1, 'minutes', 0, NULL, 'null', NULL, NULL, NULL, 'null', true, false, false, false, '⏰ {name}, ваш триал заканчивается завтра!

Выберите тариф чтобы не потерять доступ:', '[{"url": "{appUrl}/dashboard/plans", "type": "webapp", "label": "💳 Тарифы"}]', 'Markdown', NULL, NULL, false, false, NULL, NULL, NULL, NULL, 'dark', NULL, NULL, 'info', 'none', NULL, 7, NULL, NULL, NULL, NULL, NULL, NULL, NULL, 'null', NULL, NULL, NULL, false, NULL, NULL, '2026-04-16 12:29:41.115', '2026-04-16 12:34:05.166') ON CONFLICT DO NOTHING;
INSERT INTO public.funnel_nodes (id, funnel_id, node_type, name, pos_x, pos_y, next_node_id, true_node_id, false_node_id, trigger_type, trigger_param, delay_type, delay_value, delay_time, delay_weekdays, condition_type, condition_value, condition_logic, conditions, channel_tg, channel_email, channel_lk, channel_push, tg_text, tg_buttons, tg_parse_mode, tg_media_url, tg_media_type, tg_pin, tg_delete_prev, email_subject, email_html, email_btn_text, email_btn_url, email_template, lk_title, lk_message, lk_type, action_type, action_value_str, action_promo_expiry, split_percent, wait_event, wait_timeout, goto_target_type, goto_target_id, http_url, http_method, http_headers, http_body, notify_channel, notify_text, repeat_enabled, repeat_interval, repeat_max, created_at, updated_at) VALUES ('11aac35d-071e-4a6d-9e4d-ff864ffabdce', '295833d6-3ab7-491d-bb9e-82703ac377df', 'trigger', '📱 Новое устройство', 38, 24, NULL, NULL, NULL, 'new_device', NULL, 'minutes', 0, NULL, NULL, NULL, NULL, NULL, NULL, true, false, false, false, '📱 {name}, подключено *новое устройство*.

Если это не вы — пересоздайте ссылку в ЛК:', '[{"url": "{appUrl}/dashboard/security", "type": "webapp", "label": "🔒 Безопасность"}]', 'Markdown', NULL, NULL, false, false, NULL, NULL, NULL, NULL, 'dark', NULL, NULL, 'info', 'none', NULL, 7, NULL, NULL, NULL, NULL, NULL, NULL, NULL, NULL, NULL, NULL, NULL, false, NULL, NULL, '2026-04-16 11:00:21.595', '2026-04-16 11:58:14.929') ON CONFLICT DO NOTHING;
INSERT INTO public.funnel_nodes (id, funnel_id, node_type, name, pos_x, pos_y, next_node_id, true_node_id, false_node_id, trigger_type, trigger_param, delay_type, delay_value, delay_time, delay_weekdays, condition_type, condition_value, condition_logic, conditions, channel_tg, channel_email, channel_lk, channel_push, tg_text, tg_buttons, tg_parse_mode, tg_media_url, tg_media_type, tg_pin, tg_delete_prev, email_subject, email_html, email_btn_text, email_btn_url, email_template, lk_title, lk_message, lk_type, action_type, action_value_str, action_promo_expiry, split_percent, wait_event, wait_timeout, goto_target_type, goto_target_id, http_url, http_method, http_headers, http_body, notify_channel, notify_text, repeat_enabled, repeat_interval, repeat_max, created_at, updated_at) VALUES ('23bb77ef-d99a-45f3-806f-2472470a57af', 'a371bda9-c1ad-4ef2-8774-d7fbfaf57cc3', 'goto', '🔁 Переход (goto)', 971, 206, NULL, NULL, NULL, NULL, NULL, 'immediate', 0, NULL, 'null', NULL, NULL, NULL, 'null', false, false, false, false, NULL, 'null', 'Markdown', NULL, NULL, false, false, NULL, NULL, NULL, NULL, 'dark', NULL, NULL, 'INFO', 'none', NULL, 7, NULL, NULL, NULL, 'node', NULL, NULL, NULL, 'null', NULL, NULL, NULL, true, NULL, NULL, '2026-04-17 12:43:49.825', '2026-04-17 12:45:06.937') ON CONFLICT DO NOTHING;
INSERT INTO public.funnel_nodes (id, funnel_id, node_type, name, pos_x, pos_y, next_node_id, true_node_id, false_node_id, trigger_type, trigger_param, delay_type, delay_value, delay_time, delay_weekdays, condition_type, condition_value, condition_logic, conditions, channel_tg, channel_email, channel_lk, channel_push, tg_text, tg_buttons, tg_parse_mode, tg_media_url, tg_media_type, tg_pin, tg_delete_prev, email_subject, email_html, email_btn_text, email_btn_url, email_template, lk_title, lk_message, lk_type, action_type, action_value_str, action_promo_expiry, split_percent, wait_event, wait_timeout, goto_target_type, goto_target_id, http_url, http_method, http_headers, http_body, notify_channel, notify_text, repeat_enabled, repeat_interval, repeat_max, created_at, updated_at) VALUES ('6d1beab6-9461-48ca-b498-19a8f0fe3ece', '4c8fcb3c-0c29-49d9-8352-b06badb4664d', 'trigger', '🆘 Так и не подключились', 38, 54, NULL, NULL, NULL, 'state_not_connected', 1, 'minutes', 0, NULL, 'null', NULL, NULL, NULL, 'null', true, false, false, false, '🆘 {name}, вы так и не подключились!

Видимо что-то пошло не так. Мы готовы помочь — напишите в поддержку, оператор разберётся за 5 минут.', '[{"url": "{appUrl}/dashboard/support", "type": "webapp", "label": "🆘 Связаться с поддержкой"}, {"url": "{appUrl}/dashboard/instructions", "type": "webapp", "label": "📱 Инструкции"}]', 'Markdown', NULL, NULL, false, false, NULL, NULL, NULL, NULL, 'dark', NULL, NULL, 'INFO', 'none', NULL, 7, NULL, NULL, NULL, NULL, NULL, NULL, NULL, 'null', NULL, NULL, NULL, false, NULL, NULL, '2026-04-16 12:22:05.03', '2026-04-16 12:26:27.133') ON CONFLICT DO NOTHING;
INSERT INTO public.funnel_nodes (id, funnel_id, node_type, name, pos_x, pos_y, next_node_id, true_node_id, false_node_id, trigger_type, trigger_param, delay_type, delay_value, delay_time, delay_weekdays, condition_type, condition_value, condition_logic, conditions, channel_tg, channel_email, channel_lk, channel_push, tg_text, tg_buttons, tg_parse_mode, tg_media_url, tg_media_type, tg_pin, tg_delete_prev, email_subject, email_html, email_btn_text, email_btn_url, email_template, lk_title, lk_message, lk_type, action_type, action_value_str, action_promo_expiry, split_percent, wait_event, wait_timeout, goto_target_type, goto_target_id, http_url, http_method, http_headers, http_body, notify_channel, notify_text, repeat_enabled, repeat_interval, repeat_max, created_at, updated_at) VALUES ('0a360274-9ddb-461a-aa5b-6d4c90ab466a', 'a3b21687-4f99-484e-b655-5a69300a086d', 'trigger', '⏰ Не активировал триал 1 час', 0, 100, 'cc3aba54-f8f5-4773-bb33-8e34c840dff0', NULL, NULL, 'state_trial_not_activated', 1, 'minutes', 0, NULL, 'null', NULL, NULL, NULL, 'null', true, false, false, false, '🎁 {name}, вы ещё не попробовали VPN!

{trialDays} дня бесплатно — без карты:', '[{"col": 0, "row": 0, "url": "{appUrl}/dashboard/plans?trial=1", "type": "bot_block", "label": "🎁 Попробовать 3 дня", "style": "default", "copyText": "", "botBlockId": "503a0569-824c-49a2-b23b-3730954278fb", "iconEmojiId": "", "callbackData": ""}]', 'Markdown', NULL, NULL, false, false, NULL, NULL, NULL, NULL, 'dark', NULL, NULL, 'info', 'none', NULL, 7, NULL, NULL, NULL, NULL, NULL, NULL, NULL, 'null', NULL, NULL, NULL, false, NULL, NULL, '2026-04-16 11:10:21.119', '2026-04-16 11:52:27.129') ON CONFLICT DO NOTHING;
INSERT INTO public.funnel_nodes (id, funnel_id, node_type, name, pos_x, pos_y, next_node_id, true_node_id, false_node_id, trigger_type, trigger_param, delay_type, delay_value, delay_time, delay_weekdays, condition_type, condition_value, condition_logic, conditions, channel_tg, channel_email, channel_lk, channel_push, tg_text, tg_buttons, tg_parse_mode, tg_media_url, tg_media_type, tg_pin, tg_delete_prev, email_subject, email_html, email_btn_text, email_btn_url, email_template, lk_title, lk_message, lk_type, action_type, action_value_str, action_promo_expiry, split_percent, wait_event, wait_timeout, goto_target_type, goto_target_id, http_url, http_method, http_headers, http_body, notify_channel, notify_text, repeat_enabled, repeat_interval, repeat_max, created_at, updated_at) VALUES ('fbba8ac9-7360-4913-b0c8-ccf72abebede', 'a371bda9-c1ad-4ef2-8774-d7fbfaf57cc3', 'message', '💬 Сообщение', 531, 190, NULL, NULL, NULL, NULL, NULL, 'immediate', 0, NULL, NULL, NULL, NULL, NULL, NULL, true, false, false, false, '{name}, ...', NULL, 'Markdown', NULL, NULL, false, false, NULL, NULL, NULL, NULL, 'dark', NULL, NULL, 'INFO', 'none', NULL, 7, NULL, NULL, NULL, NULL, NULL, NULL, NULL, NULL, NULL, NULL, NULL, false, NULL, NULL, '2026-04-17 12:44:22.955', '2026-04-17 12:44:29.098') ON CONFLICT DO NOTHING;
INSERT INTO public.funnel_nodes (id, funnel_id, node_type, name, pos_x, pos_y, next_node_id, true_node_id, false_node_id, trigger_type, trigger_param, delay_type, delay_value, delay_time, delay_weekdays, condition_type, condition_value, condition_logic, conditions, channel_tg, channel_email, channel_lk, channel_push, tg_text, tg_buttons, tg_parse_mode, tg_media_url, tg_media_type, tg_pin, tg_delete_prev, email_subject, email_html, email_btn_text, email_btn_url, email_template, lk_title, lk_message, lk_type, action_type, action_value_str, action_promo_expiry, split_percent, wait_event, wait_timeout, goto_target_type, goto_target_id, http_url, http_method, http_headers, http_body, notify_channel, notify_text, repeat_enabled, repeat_interval, repeat_max, created_at, updated_at) VALUES ('7c483eb7-0d66-4b8e-bb29-76246c7d643c', 'c8ec7582-840c-41fa-b537-45842875504a', 'trigger', '🎉 Первое подключение', 310, 48, NULL, NULL, NULL, 'first_connection', NULL, 'minutes', 0, NULL, 'null', NULL, NULL, NULL, 'null', true, false, false, false, '🎉 *{name}, вы подключились!*

Трафик защищён. Пользуйтесь без ограничений 🚀

Пригласите друга — получите +{trialDays} дня: {referralUrl}', '[{"col": 0, "row": 0, "url": "", "type": "copy_text", "label": "📋 Скопировать ссылку", "style": "success", "copyText": "{referralUrl}", "botBlockId": "", "iconEmojiId": "", "callbackData": ""}]', 'Markdown', NULL, NULL, false, false, NULL, NULL, NULL, NULL, 'dark', NULL, NULL, 'info', 'none', NULL, 7, NULL, NULL, NULL, NULL, NULL, NULL, NULL, 'null', NULL, NULL, NULL, false, NULL, NULL, '2026-04-16 10:22:53.482', '2026-04-17 17:55:49.414') ON CONFLICT DO NOTHING;
INSERT INTO public.funnel_nodes (id, funnel_id, node_type, name, pos_x, pos_y, next_node_id, true_node_id, false_node_id, trigger_type, trigger_param, delay_type, delay_value, delay_time, delay_weekdays, condition_type, condition_value, condition_logic, conditions, channel_tg, channel_email, channel_lk, channel_push, tg_text, tg_buttons, tg_parse_mode, tg_media_url, tg_media_type, tg_pin, tg_delete_prev, email_subject, email_html, email_btn_text, email_btn_url, email_template, lk_title, lk_message, lk_type, action_type, action_value_str, action_promo_expiry, split_percent, wait_event, wait_timeout, goto_target_type, goto_target_id, http_url, http_method, http_headers, http_body, notify_channel, notify_text, repeat_enabled, repeat_interval, repeat_max, created_at, updated_at) VALUES ('cc3aba54-f8f5-4773-bb33-8e34c840dff0', 'a3b21687-4f99-484e-b655-5a69300a086d', 'message', 'Сообщение', 532, 135, NULL, NULL, NULL, NULL, NULL, 'minutes', 1, NULL, 'null', '', NULL, NULL, '{"logic": "AND", "rules": [{"op": "is_false", "field": "has_subscription", "value": 7}]}', true, false, false, false, 'Слыш хуй ты подписку не создал', '[{"col": 0, "row": 0, "url": "", "type": "bot_block", "label": "Активировать", "style": "success", "copyText": "", "botBlockId": "503a0569-824c-49a2-b23b-3730954278fb", "iconEmojiId": "", "callbackData": ""}, {"_type": "effect", "effectId": "5104841245755180586"}]', 'Markdown', NULL, NULL, false, true, NULL, NULL, NULL, NULL, 'dark', NULL, NULL, 'INFO', 'none', NULL, 7, NULL, NULL, NULL, NULL, NULL, NULL, NULL, 'null', NULL, NULL, NULL, false, NULL, NULL, '2026-04-16 11:47:22.792', '2026-04-19 12:39:48.819') ON CONFLICT DO NOTHING;
INSERT INTO public.funnel_nodes (id, funnel_id, node_type, name, pos_x, pos_y, next_node_id, true_node_id, false_node_id, trigger_type, trigger_param, delay_type, delay_value, delay_time, delay_weekdays, condition_type, condition_value, condition_logic, conditions, channel_tg, channel_email, channel_lk, channel_push, tg_text, tg_buttons, tg_parse_mode, tg_media_url, tg_media_type, tg_pin, tg_delete_prev, email_subject, email_html, email_btn_text, email_btn_url, email_template, lk_title, lk_message, lk_type, action_type, action_value_str, action_promo_expiry, split_percent, wait_event, wait_timeout, goto_target_type, goto_target_id, http_url, http_method, http_headers, http_body, notify_channel, notify_text, repeat_enabled, repeat_interval, repeat_max, created_at, updated_at) VALUES ('24f6386c-53c2-4558-a24a-2371dd372039', '3ab7d663-e22f-4b23-a1d2-31ae7ab22e4e', 'trigger', '🔧 Реферал зарегался', 343, 168, NULL, NULL, NULL, 'referral_trial', NULL, 'immediate', 0, NULL, 'null', NULL, NULL, NULL, 'null', true, false, false, false, '{refName} взял триал, ну и молодец сука', 'null', 'Markdown', NULL, NULL, false, false, NULL, NULL, NULL, NULL, 'dark', NULL, NULL, 'INFO', 'none', NULL, 7, NULL, NULL, NULL, NULL, NULL, NULL, NULL, 'null', NULL, NULL, NULL, false, NULL, NULL, '2026-04-16 12:41:51.457', '2026-04-21 18:51:29.555') ON CONFLICT DO NOTHING;
INSERT INTO public.funnel_nodes (id, funnel_id, node_type, name, pos_x, pos_y, next_node_id, true_node_id, false_node_id, trigger_type, trigger_param, delay_type, delay_value, delay_time, delay_weekdays, condition_type, condition_value, condition_logic, conditions, channel_tg, channel_email, channel_lk, channel_push, tg_text, tg_buttons, tg_parse_mode, tg_media_url, tg_media_type, tg_pin, tg_delete_prev, email_subject, email_html, email_btn_text, email_btn_url, email_template, lk_title, lk_message, lk_type, action_type, action_value_str, action_promo_expiry, split_percent, wait_event, wait_timeout, goto_target_type, goto_target_id, http_url, http_method, http_headers, http_body, notify_channel, notify_text, repeat_enabled, repeat_interval, repeat_max, created_at, updated_at) VALUES ('54ff4813-6d7d-4ab4-a152-df207f22ecde', '07a57bb3-326b-4f17-aa24-3c810b84d585', 'trigger', '⚡ Истекает завтра (24ч)', 419, 470, NULL, NULL, NULL, 'expiring_24h', NULL, 'immediate', 0, NULL, 'null', NULL, NULL, NULL, 'null', true, false, false, false, 'Тут хууй пойми это вебкух с ремны за 1 дня', 'null', 'Markdown', NULL, NULL, false, false, NULL, NULL, NULL, NULL, 'dark', NULL, NULL, 'INFO', 'none', NULL, 7, NULL, NULL, NULL, NULL, NULL, NULL, NULL, 'null', NULL, NULL, NULL, false, NULL, NULL, '2026-04-16 12:34:44.915', '2026-04-22 09:12:30.627') ON CONFLICT DO NOTHING;
INSERT INTO public.funnel_nodes (id, funnel_id, node_type, name, pos_x, pos_y, next_node_id, true_node_id, false_node_id, trigger_type, trigger_param, delay_type, delay_value, delay_time, delay_weekdays, condition_type, condition_value, condition_logic, conditions, channel_tg, channel_email, channel_lk, channel_push, tg_text, tg_buttons, tg_parse_mode, tg_media_url, tg_media_type, tg_pin, tg_delete_prev, email_subject, email_html, email_btn_text, email_btn_url, email_template, lk_title, lk_message, lk_type, action_type, action_value_str, action_promo_expiry, split_percent, wait_event, wait_timeout, goto_target_type, goto_target_id, http_url, http_method, http_headers, http_body, notify_channel, notify_text, repeat_enabled, repeat_interval, repeat_max, created_at, updated_at) VALUES ('956512b2-57a2-4fcc-923a-a693397dfbd9', 'a371bda9-c1ad-4ef2-8774-d7fbfaf57cc3', 'trigger', '❌ Истекла сегодня', 24, 185, 'fbba8ac9-7360-4913-b0c8-ccf72abebede', NULL, NULL, 'expired', NULL, 'minutes', 0, NULL, 'null', NULL, NULL, NULL, 'null', true, false, false, false, '❌ {name}, подписка *истекла*.

Вернитесь со *скидкой 15%* `COMEBACK15`.', '[{"url": "{appUrl}/dashboard/plans?promo=COMEBACK15", "type": "webapp", "label": "Вернуться"}]', 'Markdown', NULL, NULL, false, false, NULL, NULL, NULL, NULL, 'dark', NULL, NULL, 'info', 'promo_discount', '15', 3, NULL, NULL, NULL, NULL, NULL, NULL, NULL, 'null', NULL, NULL, NULL, false, NULL, NULL, '2026-04-16 12:35:04.455', '2026-04-22 09:41:14.138') ON CONFLICT DO NOTHING;
INSERT INTO public.funnel_nodes (id, funnel_id, node_type, name, pos_x, pos_y, next_node_id, true_node_id, false_node_id, trigger_type, trigger_param, delay_type, delay_value, delay_time, delay_weekdays, condition_type, condition_value, condition_logic, conditions, channel_tg, channel_email, channel_lk, channel_push, tg_text, tg_buttons, tg_parse_mode, tg_media_url, tg_media_type, tg_pin, tg_delete_prev, email_subject, email_html, email_btn_text, email_btn_url, email_template, lk_title, lk_message, lk_type, action_type, action_value_str, action_promo_expiry, split_percent, wait_event, wait_timeout, goto_target_type, goto_target_id, http_url, http_method, http_headers, http_body, notify_channel, notify_text, repeat_enabled, repeat_interval, repeat_max, created_at, updated_at) VALUES ('ddeee44c-8fad-469a-95b0-853a5347b4b0', '07a57bb3-326b-4f17-aa24-3c810b84d585', 'trigger', '⚡ Истекает через 3 дня (72ч)', -4, 181, NULL, NULL, NULL, 'expiring_72h', NULL, 'hours', 6, NULL, 'null', NULL, NULL, NULL, 'null', true, true, true, false, 'Тут хууй пойми это вебкух с ремны за 3 дня', '[{"col": 0, "row": 0, "url": "", "type": "bot_block", "label": "Продлить", "style": "success", "copyText": "", "botBlockId": "5cdc9a17-ab00-4227-9d35-c3929e66f96b", "iconEmojiId": "", "callbackData": ""}, {"_type": "effect", "effectId": "5104841245755180586"}]', 'Markdown', NULL, NULL, false, true, NULL, NULL, NULL, NULL, 'dark', NULL, NULL, 'INFO', 'none', NULL, 7, NULL, NULL, NULL, NULL, NULL, NULL, NULL, 'null', NULL, NULL, NULL, false, NULL, NULL, '2026-04-16 12:34:38.057', '2026-04-22 09:13:33.074') ON CONFLICT DO NOTHING;
INSERT INTO public.funnel_nodes (id, funnel_id, node_type, name, pos_x, pos_y, next_node_id, true_node_id, false_node_id, trigger_type, trigger_param, delay_type, delay_value, delay_time, delay_weekdays, condition_type, condition_value, condition_logic, conditions, channel_tg, channel_email, channel_lk, channel_push, tg_text, tg_buttons, tg_parse_mode, tg_media_url, tg_media_type, tg_pin, tg_delete_prev, email_subject, email_html, email_btn_text, email_btn_url, email_template, lk_title, lk_message, lk_type, action_type, action_value_str, action_promo_expiry, split_percent, wait_event, wait_timeout, goto_target_type, goto_target_id, http_url, http_method, http_headers, http_body, notify_channel, notify_text, repeat_enabled, repeat_interval, repeat_max, created_at, updated_at) VALUES ('81ba675e-62d8-4871-b10a-1de49dabd5ec', '07a57bb3-326b-4f17-aa24-3c810b84d585', 'trigger', '⚡ Истекает через 2 дня (48ч)', 769, 298, NULL, NULL, NULL, 'expiring_48h', NULL, 'immediate', 0, NULL, 'null', NULL, NULL, NULL, 'null', true, false, false, false, 'Тут хууй пойми это вебкух с ремны за 2 дня', 'null', 'Markdown', NULL, NULL, false, false, NULL, NULL, NULL, NULL, 'dark', NULL, NULL, 'INFO', 'none', NULL, 7, NULL, NULL, NULL, NULL, NULL, NULL, NULL, 'null', NULL, NULL, NULL, false, NULL, NULL, '2026-04-16 12:34:41.208', '2026-04-22 09:06:18.127') ON CONFLICT DO NOTHING;
INSERT INTO public.funnel_nodes (id, funnel_id, node_type, name, pos_x, pos_y, next_node_id, true_node_id, false_node_id, trigger_type, trigger_param, delay_type, delay_value, delay_time, delay_weekdays, condition_type, condition_value, condition_logic, conditions, channel_tg, channel_email, channel_lk, channel_push, tg_text, tg_buttons, tg_parse_mode, tg_media_url, tg_media_type, tg_pin, tg_delete_prev, email_subject, email_html, email_btn_text, email_btn_url, email_template, lk_title, lk_message, lk_type, action_type, action_value_str, action_promo_expiry, split_percent, wait_event, wait_timeout, goto_target_type, goto_target_id, http_url, http_method, http_headers, http_body, notify_channel, notify_text, repeat_enabled, repeat_interval, repeat_max, created_at, updated_at) VALUES ('578e0baa-6b39-40d4-b075-0d0ae6d93462', '56d94ef1-b168-4ff1-8454-e84e444ac753', 'delay', 'd5', 300, 1680, '9dc052d4-d9d7-4e11-9037-654d8e2a6380', NULL, NULL, NULL, NULL, 'days', 2, NULL, NULL, NULL, NULL, NULL, NULL, false, false, false, false, NULL, NULL, 'Markdown', NULL, NULL, false, false, NULL, NULL, NULL, NULL, 'dark', NULL, NULL, 'INFO', 'none', NULL, 7, NULL, NULL, NULL, NULL, NULL, NULL, NULL, NULL, NULL, NULL, NULL, false, NULL, NULL, '2026-04-23 14:05:55.055', '2026-04-23 14:05:55.445') ON CONFLICT DO NOTHING;
INSERT INTO public.funnel_nodes (id, funnel_id, node_type, name, pos_x, pos_y, next_node_id, true_node_id, false_node_id, trigger_type, trigger_param, delay_type, delay_value, delay_time, delay_weekdays, condition_type, condition_value, condition_logic, conditions, channel_tg, channel_email, channel_lk, channel_push, tg_text, tg_buttons, tg_parse_mode, tg_media_url, tg_media_type, tg_pin, tg_delete_prev, email_subject, email_html, email_btn_text, email_btn_url, email_template, lk_title, lk_message, lk_type, action_type, action_value_str, action_promo_expiry, split_percent, wait_event, wait_timeout, goto_target_type, goto_target_id, http_url, http_method, http_headers, http_body, notify_channel, notify_text, repeat_enabled, repeat_interval, repeat_max, created_at, updated_at) VALUES ('9dc052d4-d9d7-4e11-9037-654d8e2a6380', '56d94ef1-b168-4ff1-8454-e84e444ac753', 'condition', 'g5', 300, 1800, NULL, 'b4df276e-e3e3-41ce-86b6-3db8b2577968', '1ccae0dd-ac9d-43f6-9117-1e7b2b1c2d1d', NULL, NULL, 'immediate', 0, NULL, NULL, 'has_subscription', NULL, NULL, NULL, false, false, false, false, NULL, NULL, 'Markdown', NULL, NULL, false, false, NULL, NULL, NULL, NULL, 'dark', NULL, NULL, 'INFO', 'none', NULL, 7, NULL, NULL, NULL, NULL, NULL, NULL, NULL, NULL, NULL, NULL, NULL, false, NULL, NULL, '2026-04-23 14:05:55.07', '2026-04-23 14:05:55.453') ON CONFLICT DO NOTHING;
INSERT INTO public.funnel_nodes (id, funnel_id, node_type, name, pos_x, pos_y, next_node_id, true_node_id, false_node_id, trigger_type, trigger_param, delay_type, delay_value, delay_time, delay_weekdays, condition_type, condition_value, condition_logic, conditions, channel_tg, channel_email, channel_lk, channel_push, tg_text, tg_buttons, tg_parse_mode, tg_media_url, tg_media_type, tg_pin, tg_delete_prev, email_subject, email_html, email_btn_text, email_btn_url, email_template, lk_title, lk_message, lk_type, action_type, action_value_str, action_promo_expiry, split_percent, wait_event, wait_timeout, goto_target_type, goto_target_id, http_url, http_method, http_headers, http_body, notify_channel, notify_text, repeat_enabled, repeat_interval, repeat_max, created_at, updated_at) VALUES ('bcef8068-d4b2-4967-8b96-9f1fa06dfca9', '3ab7d663-e22f-4b23-a1d2-31ae7ab22e4e', 'trigger', '💰 Реферал оплатил', 0, 100, NULL, NULL, NULL, 'referral_paid', NULL, 'minutes', 0, NULL, 'null', NULL, NULL, NULL, '{"logic": "AND", "rules": [{"op": "lte", "field": "days_left", "value": 7}]}', true, false, false, false, '🎉 {name}, ваш друг оплатил!

+{trialDays} дня на ваш аккаунт.', '[{"url": "{appUrl}/dashboard/referrals", "type": "webapp", "label": "📊 Мои рефералы"}]', 'Markdown', NULL, NULL, false, false, NULL, NULL, NULL, NULL, 'dark', NULL, NULL, 'info', 'none', NULL, 7, NULL, NULL, NULL, NULL, NULL, NULL, NULL, 'null', NULL, NULL, NULL, false, NULL, NULL, '2026-04-16 12:41:44.11', '2026-04-21 18:51:27.574') ON CONFLICT DO NOTHING;
INSERT INTO public.funnel_nodes (id, funnel_id, node_type, name, pos_x, pos_y, next_node_id, true_node_id, false_node_id, trigger_type, trigger_param, delay_type, delay_value, delay_time, delay_weekdays, condition_type, condition_value, condition_logic, conditions, channel_tg, channel_email, channel_lk, channel_push, tg_text, tg_buttons, tg_parse_mode, tg_media_url, tg_media_type, tg_pin, tg_delete_prev, email_subject, email_html, email_btn_text, email_btn_url, email_template, lk_title, lk_message, lk_type, action_type, action_value_str, action_promo_expiry, split_percent, wait_event, wait_timeout, goto_target_type, goto_target_id, http_url, http_method, http_headers, http_body, notify_channel, notify_text, repeat_enabled, repeat_interval, repeat_max, created_at, updated_at) VALUES ('39c067d4-65c1-491e-bbc0-f4af10a77c04', '56d94ef1-b168-4ff1-8454-e84e444ac753', 'trigger', 'Триггер: подписка истекла', 300, 0, '91ba9f4e-5396-4771-b52b-eff14f6d38d3', NULL, NULL, 'expired', NULL, 'immediate', 0, NULL, NULL, NULL, NULL, NULL, NULL, false, false, false, false, NULL, NULL, 'Markdown', NULL, NULL, false, false, NULL, NULL, NULL, NULL, 'dark', NULL, NULL, 'INFO', 'none', NULL, 7, NULL, NULL, NULL, NULL, NULL, NULL, NULL, NULL, NULL, NULL, NULL, false, NULL, NULL, '2026-04-23 14:05:54.885', '2026-04-23 14:05:55.287') ON CONFLICT DO NOTHING;
INSERT INTO public.funnel_nodes (id, funnel_id, node_type, name, pos_x, pos_y, next_node_id, true_node_id, false_node_id, trigger_type, trigger_param, delay_type, delay_value, delay_time, delay_weekdays, condition_type, condition_value, condition_logic, conditions, channel_tg, channel_email, channel_lk, channel_push, tg_text, tg_buttons, tg_parse_mode, tg_media_url, tg_media_type, tg_pin, tg_delete_prev, email_subject, email_html, email_btn_text, email_btn_url, email_template, lk_title, lk_message, lk_type, action_type, action_value_str, action_promo_expiry, split_percent, wait_event, wait_timeout, goto_target_type, goto_target_id, http_url, http_method, http_headers, http_body, notify_channel, notify_text, repeat_enabled, repeat_interval, repeat_max, created_at, updated_at) VALUES ('91ba9f4e-5396-4771-b52b-eff14f6d38d3', '56d94ef1-b168-4ff1-8454-e84e444ac753', 'message', 'm1', 300, 120, '0dc5b70e-2026-477e-8bfc-738934e9ca38', NULL, NULL, NULL, NULL, 'immediate', 0, NULL, NULL, NULL, NULL, NULL, NULL, true, false, false, false, '😔 *Твоя подписка закончилась*

Без VPN сложно — рекламы, блокировки, слежка. Продли сейчас и возвращайся к комфортному интернету.', '[{"url": "{appUrl}/dashboard", "type": "webapp", "label": "🌐 Продлить"}]', 'Markdown', NULL, NULL, false, false, NULL, NULL, NULL, NULL, 'dark', NULL, NULL, 'INFO', 'none', NULL, 7, NULL, NULL, NULL, NULL, NULL, NULL, NULL, NULL, NULL, NULL, NULL, false, NULL, NULL, '2026-04-23 14:05:54.907', '2026-04-23 14:05:55.298') ON CONFLICT DO NOTHING;
INSERT INTO public.funnel_nodes (id, funnel_id, node_type, name, pos_x, pos_y, next_node_id, true_node_id, false_node_id, trigger_type, trigger_param, delay_type, delay_value, delay_time, delay_weekdays, condition_type, condition_value, condition_logic, conditions, channel_tg, channel_email, channel_lk, channel_push, tg_text, tg_buttons, tg_parse_mode, tg_media_url, tg_media_type, tg_pin, tg_delete_prev, email_subject, email_html, email_btn_text, email_btn_url, email_template, lk_title, lk_message, lk_type, action_type, action_value_str, action_promo_expiry, split_percent, wait_event, wait_timeout, goto_target_type, goto_target_id, http_url, http_method, http_headers, http_body, notify_channel, notify_text, repeat_enabled, repeat_interval, repeat_max, created_at, updated_at) VALUES ('0dc5b70e-2026-477e-8bfc-738934e9ca38', '56d94ef1-b168-4ff1-8454-e84e444ac753', 'delay', 'd1', 300, 240, '162ae3af-9d3e-4bdc-b907-854c5b5eb68f', NULL, NULL, NULL, NULL, 'days', 2, NULL, NULL, NULL, NULL, NULL, NULL, false, false, false, false, NULL, NULL, 'Markdown', NULL, NULL, false, false, NULL, NULL, NULL, NULL, 'dark', NULL, NULL, 'INFO', 'none', NULL, 7, NULL, NULL, NULL, NULL, NULL, NULL, NULL, NULL, NULL, NULL, NULL, false, NULL, NULL, '2026-04-23 14:05:54.92', '2026-04-23 14:05:55.311') ON CONFLICT DO NOTHING;
INSERT INTO public.funnel_nodes (id, funnel_id, node_type, name, pos_x, pos_y, next_node_id, true_node_id, false_node_id, trigger_type, trigger_param, delay_type, delay_value, delay_time, delay_weekdays, condition_type, condition_value, condition_logic, conditions, channel_tg, channel_email, channel_lk, channel_push, tg_text, tg_buttons, tg_parse_mode, tg_media_url, tg_media_type, tg_pin, tg_delete_prev, email_subject, email_html, email_btn_text, email_btn_url, email_template, lk_title, lk_message, lk_type, action_type, action_value_str, action_promo_expiry, split_percent, wait_event, wait_timeout, goto_target_type, goto_target_id, http_url, http_method, http_headers, http_body, notify_channel, notify_text, repeat_enabled, repeat_interval, repeat_max, created_at, updated_at) VALUES ('162ae3af-9d3e-4bdc-b907-854c5b5eb68f', '56d94ef1-b168-4ff1-8454-e84e444ac753', 'condition', 'g1', 300, 360, NULL, 'b4df276e-e3e3-41ce-86b6-3db8b2577968', '35693a69-1472-47fc-9aba-8ddb9a582bfc', NULL, NULL, 'immediate', 0, NULL, NULL, 'has_subscription', NULL, NULL, NULL, false, false, false, false, NULL, NULL, 'Markdown', NULL, NULL, false, false, NULL, NULL, NULL, NULL, 'dark', NULL, NULL, 'INFO', 'none', NULL, 7, NULL, NULL, NULL, NULL, NULL, NULL, NULL, NULL, NULL, NULL, NULL, false, NULL, NULL, '2026-04-23 14:05:54.928', '2026-04-23 14:05:55.319') ON CONFLICT DO NOTHING;
INSERT INTO public.funnel_nodes (id, funnel_id, node_type, name, pos_x, pos_y, next_node_id, true_node_id, false_node_id, trigger_type, trigger_param, delay_type, delay_value, delay_time, delay_weekdays, condition_type, condition_value, condition_logic, conditions, channel_tg, channel_email, channel_lk, channel_push, tg_text, tg_buttons, tg_parse_mode, tg_media_url, tg_media_type, tg_pin, tg_delete_prev, email_subject, email_html, email_btn_text, email_btn_url, email_template, lk_title, lk_message, lk_type, action_type, action_value_str, action_promo_expiry, split_percent, wait_event, wait_timeout, goto_target_type, goto_target_id, http_url, http_method, http_headers, http_body, notify_channel, notify_text, repeat_enabled, repeat_interval, repeat_max, created_at, updated_at) VALUES ('35693a69-1472-47fc-9aba-8ddb9a582bfc', '56d94ef1-b168-4ff1-8454-e84e444ac753', 'message', 'm2', 300, 480, '8ec18924-3be7-4bd3-b198-edc13e8f5312', NULL, NULL, NULL, NULL, 'immediate', 0, NULL, NULL, NULL, NULL, NULL, NULL, true, false, false, false, '👀 *Уже 2 дня без VPN*

Возвращайся — мы по тебе скучаем. Подписка оплачивается за минуту.', '[{"url": "{appUrl}/dashboard", "type": "webapp", "label": "🌐 Продлить"}]', 'Markdown', NULL, NULL, false, false, NULL, NULL, NULL, NULL, 'dark', NULL, NULL, 'INFO', 'none', NULL, 7, NULL, NULL, NULL, NULL, NULL, NULL, NULL, NULL, NULL, NULL, NULL, false, NULL, NULL, '2026-04-23 14:05:54.937', '2026-04-23 14:05:55.337') ON CONFLICT DO NOTHING;
INSERT INTO public.funnel_nodes (id, funnel_id, node_type, name, pos_x, pos_y, next_node_id, true_node_id, false_node_id, trigger_type, trigger_param, delay_type, delay_value, delay_time, delay_weekdays, condition_type, condition_value, condition_logic, conditions, channel_tg, channel_email, channel_lk, channel_push, tg_text, tg_buttons, tg_parse_mode, tg_media_url, tg_media_type, tg_pin, tg_delete_prev, email_subject, email_html, email_btn_text, email_btn_url, email_template, lk_title, lk_message, lk_type, action_type, action_value_str, action_promo_expiry, split_percent, wait_event, wait_timeout, goto_target_type, goto_target_id, http_url, http_method, http_headers, http_body, notify_channel, notify_text, repeat_enabled, repeat_interval, repeat_max, created_at, updated_at) VALUES ('8ec18924-3be7-4bd3-b198-edc13e8f5312', '56d94ef1-b168-4ff1-8454-e84e444ac753', 'delay', 'd2', 300, 600, 'caca891a-e1cb-415a-851f-009979e59572', NULL, NULL, NULL, NULL, 'days', 2, NULL, NULL, NULL, NULL, NULL, NULL, false, false, false, false, NULL, NULL, 'Markdown', NULL, NULL, false, false, NULL, NULL, NULL, NULL, 'dark', NULL, NULL, 'INFO', 'none', NULL, 7, NULL, NULL, NULL, NULL, NULL, NULL, NULL, NULL, NULL, NULL, NULL, false, NULL, NULL, '2026-04-23 14:05:54.946', '2026-04-23 14:05:55.351') ON CONFLICT DO NOTHING;
INSERT INTO public.funnel_nodes (id, funnel_id, node_type, name, pos_x, pos_y, next_node_id, true_node_id, false_node_id, trigger_type, trigger_param, delay_type, delay_value, delay_time, delay_weekdays, condition_type, condition_value, condition_logic, conditions, channel_tg, channel_email, channel_lk, channel_push, tg_text, tg_buttons, tg_parse_mode, tg_media_url, tg_media_type, tg_pin, tg_delete_prev, email_subject, email_html, email_btn_text, email_btn_url, email_template, lk_title, lk_message, lk_type, action_type, action_value_str, action_promo_expiry, split_percent, wait_event, wait_timeout, goto_target_type, goto_target_id, http_url, http_method, http_headers, http_body, notify_channel, notify_text, repeat_enabled, repeat_interval, repeat_max, created_at, updated_at) VALUES ('caca891a-e1cb-415a-851f-009979e59572', '56d94ef1-b168-4ff1-8454-e84e444ac753', 'condition', 'g2', 300, 720, NULL, 'b4df276e-e3e3-41ce-86b6-3db8b2577968', '9d9597be-76aa-44f5-8eea-42050979473e', NULL, NULL, 'immediate', 0, NULL, NULL, 'has_subscription', NULL, NULL, NULL, false, false, false, false, NULL, NULL, 'Markdown', NULL, NULL, false, false, NULL, NULL, NULL, NULL, 'dark', NULL, NULL, 'INFO', 'none', NULL, 7, NULL, NULL, NULL, NULL, NULL, NULL, NULL, NULL, NULL, NULL, NULL, false, NULL, NULL, '2026-04-23 14:05:54.956', '2026-04-23 14:05:55.363') ON CONFLICT DO NOTHING;
INSERT INTO public.funnel_nodes (id, funnel_id, node_type, name, pos_x, pos_y, next_node_id, true_node_id, false_node_id, trigger_type, trigger_param, delay_type, delay_value, delay_time, delay_weekdays, condition_type, condition_value, condition_logic, conditions, channel_tg, channel_email, channel_lk, channel_push, tg_text, tg_buttons, tg_parse_mode, tg_media_url, tg_media_type, tg_pin, tg_delete_prev, email_subject, email_html, email_btn_text, email_btn_url, email_template, lk_title, lk_message, lk_type, action_type, action_value_str, action_promo_expiry, split_percent, wait_event, wait_timeout, goto_target_type, goto_target_id, http_url, http_method, http_headers, http_body, notify_channel, notify_text, repeat_enabled, repeat_interval, repeat_max, created_at, updated_at) VALUES ('9d9597be-76aa-44f5-8eea-42050979473e', '56d94ef1-b168-4ff1-8454-e84e444ac753', 'message', 'm3', 300, 840, 'acdddcfa-fc93-4c10-99d9-e0636901b8f0', NULL, NULL, NULL, NULL, 'immediate', 0, NULL, NULL, NULL, NULL, NULL, NULL, true, false, false, false, '📉 *4 дня без защиты*

Твой трафик видно провайдеру, а многие сайты — недоступны. Напомнить как было удобно?', '[{"url": "{appUrl}/dashboard", "type": "webapp", "label": "🌐 Вернуться"}]', 'Markdown', NULL, NULL, false, false, NULL, NULL, NULL, NULL, 'dark', NULL, NULL, 'INFO', 'none', NULL, 7, NULL, NULL, NULL, NULL, NULL, NULL, NULL, NULL, NULL, NULL, NULL, false, NULL, NULL, '2026-04-23 14:05:54.966', '2026-04-23 14:05:55.372') ON CONFLICT DO NOTHING;
INSERT INTO public.funnel_nodes (id, funnel_id, node_type, name, pos_x, pos_y, next_node_id, true_node_id, false_node_id, trigger_type, trigger_param, delay_type, delay_value, delay_time, delay_weekdays, condition_type, condition_value, condition_logic, conditions, channel_tg, channel_email, channel_lk, channel_push, tg_text, tg_buttons, tg_parse_mode, tg_media_url, tg_media_type, tg_pin, tg_delete_prev, email_subject, email_html, email_btn_text, email_btn_url, email_template, lk_title, lk_message, lk_type, action_type, action_value_str, action_promo_expiry, split_percent, wait_event, wait_timeout, goto_target_type, goto_target_id, http_url, http_method, http_headers, http_body, notify_channel, notify_text, repeat_enabled, repeat_interval, repeat_max, created_at, updated_at) VALUES ('acdddcfa-fc93-4c10-99d9-e0636901b8f0', '56d94ef1-b168-4ff1-8454-e84e444ac753', 'delay', 'd3', 300, 960, '85fd4ebf-e858-4425-8d6f-a09ea8de9c40', NULL, NULL, NULL, NULL, 'days', 2, NULL, NULL, NULL, NULL, NULL, NULL, false, false, false, false, NULL, NULL, 'Markdown', NULL, NULL, false, false, NULL, NULL, NULL, NULL, 'dark', NULL, NULL, 'INFO', 'none', NULL, 7, NULL, NULL, NULL, NULL, NULL, NULL, NULL, NULL, NULL, NULL, NULL, false, NULL, NULL, '2026-04-23 14:05:54.975', '2026-04-23 14:05:55.388') ON CONFLICT DO NOTHING;
INSERT INTO public.funnel_nodes (id, funnel_id, node_type, name, pos_x, pos_y, next_node_id, true_node_id, false_node_id, trigger_type, trigger_param, delay_type, delay_value, delay_time, delay_weekdays, condition_type, condition_value, condition_logic, conditions, channel_tg, channel_email, channel_lk, channel_push, tg_text, tg_buttons, tg_parse_mode, tg_media_url, tg_media_type, tg_pin, tg_delete_prev, email_subject, email_html, email_btn_text, email_btn_url, email_template, lk_title, lk_message, lk_type, action_type, action_value_str, action_promo_expiry, split_percent, wait_event, wait_timeout, goto_target_type, goto_target_id, http_url, http_method, http_headers, http_body, notify_channel, notify_text, repeat_enabled, repeat_interval, repeat_max, created_at, updated_at) VALUES ('85fd4ebf-e858-4425-8d6f-a09ea8de9c40', '56d94ef1-b168-4ff1-8454-e84e444ac753', 'condition', 'g3', 300, 1080, NULL, 'b4df276e-e3e3-41ce-86b6-3db8b2577968', '681e448f-a076-4f11-8f05-5f0d19a4f479', NULL, NULL, 'immediate', 0, NULL, NULL, 'has_subscription', NULL, NULL, NULL, false, false, false, false, NULL, NULL, 'Markdown', NULL, NULL, false, false, NULL, NULL, NULL, NULL, 'dark', NULL, NULL, 'INFO', 'none', NULL, 7, NULL, NULL, NULL, NULL, NULL, NULL, NULL, NULL, NULL, NULL, NULL, false, NULL, NULL, '2026-04-23 14:05:54.985', '2026-04-23 14:05:55.396') ON CONFLICT DO NOTHING;
INSERT INTO public.funnel_nodes (id, funnel_id, node_type, name, pos_x, pos_y, next_node_id, true_node_id, false_node_id, trigger_type, trigger_param, delay_type, delay_value, delay_time, delay_weekdays, condition_type, condition_value, condition_logic, conditions, channel_tg, channel_email, channel_lk, channel_push, tg_text, tg_buttons, tg_parse_mode, tg_media_url, tg_media_type, tg_pin, tg_delete_prev, email_subject, email_html, email_btn_text, email_btn_url, email_template, lk_title, lk_message, lk_type, action_type, action_value_str, action_promo_expiry, split_percent, wait_event, wait_timeout, goto_target_type, goto_target_id, http_url, http_method, http_headers, http_body, notify_channel, notify_text, repeat_enabled, repeat_interval, repeat_max, created_at, updated_at) VALUES ('681e448f-a076-4f11-8f05-5f0d19a4f479', '56d94ef1-b168-4ff1-8454-e84e444ac753', 'message', 'm4', 300, 1200, '2c0fe243-d369-4c0f-af12-e14de1717263', NULL, NULL, NULL, NULL, 'immediate', 0, NULL, NULL, NULL, NULL, NULL, NULL, true, false, false, false, '🫤 *Неделя без подписки*

Может что-то не устроило? Напиши в поддержку — мы хотим вернуть тебя.', '[{"url": "{appUrl}/dashboard/support", "type": "webapp", "label": "🛟 Поддержка"}]', 'Markdown', NULL, NULL, false, false, NULL, NULL, NULL, NULL, 'dark', NULL, NULL, 'INFO', 'none', NULL, 7, NULL, NULL, NULL, NULL, NULL, NULL, NULL, NULL, NULL, NULL, NULL, false, NULL, NULL, '2026-04-23 14:05:54.995', '2026-04-23 14:05:55.403') ON CONFLICT DO NOTHING;
INSERT INTO public.funnel_nodes (id, funnel_id, node_type, name, pos_x, pos_y, next_node_id, true_node_id, false_node_id, trigger_type, trigger_param, delay_type, delay_value, delay_time, delay_weekdays, condition_type, condition_value, condition_logic, conditions, channel_tg, channel_email, channel_lk, channel_push, tg_text, tg_buttons, tg_parse_mode, tg_media_url, tg_media_type, tg_pin, tg_delete_prev, email_subject, email_html, email_btn_text, email_btn_url, email_template, lk_title, lk_message, lk_type, action_type, action_value_str, action_promo_expiry, split_percent, wait_event, wait_timeout, goto_target_type, goto_target_id, http_url, http_method, http_headers, http_body, notify_channel, notify_text, repeat_enabled, repeat_interval, repeat_max, created_at, updated_at) VALUES ('2c0fe243-d369-4c0f-af12-e14de1717263', '56d94ef1-b168-4ff1-8454-e84e444ac753', 'delay', 'd4', 300, 1320, '15a55ec3-8f5a-475d-8e18-0021fa0f7d4b', NULL, NULL, NULL, NULL, 'days', 2, NULL, NULL, NULL, NULL, NULL, NULL, false, false, false, false, NULL, NULL, 'Markdown', NULL, NULL, false, false, NULL, NULL, NULL, NULL, 'dark', NULL, NULL, 'INFO', 'none', NULL, 7, NULL, NULL, NULL, NULL, NULL, NULL, NULL, NULL, NULL, NULL, NULL, false, NULL, NULL, '2026-04-23 14:05:55.015', '2026-04-23 14:05:55.412') ON CONFLICT DO NOTHING;
INSERT INTO public.funnel_nodes (id, funnel_id, node_type, name, pos_x, pos_y, next_node_id, true_node_id, false_node_id, trigger_type, trigger_param, delay_type, delay_value, delay_time, delay_weekdays, condition_type, condition_value, condition_logic, conditions, channel_tg, channel_email, channel_lk, channel_push, tg_text, tg_buttons, tg_parse_mode, tg_media_url, tg_media_type, tg_pin, tg_delete_prev, email_subject, email_html, email_btn_text, email_btn_url, email_template, lk_title, lk_message, lk_type, action_type, action_value_str, action_promo_expiry, split_percent, wait_event, wait_timeout, goto_target_type, goto_target_id, http_url, http_method, http_headers, http_body, notify_channel, notify_text, repeat_enabled, repeat_interval, repeat_max, created_at, updated_at) VALUES ('15a55ec3-8f5a-475d-8e18-0021fa0f7d4b', '56d94ef1-b168-4ff1-8454-e84e444ac753', 'condition', 'g4', 300, 1440, NULL, 'b4df276e-e3e3-41ce-86b6-3db8b2577968', '5263aa11-c88f-414d-b814-8018cb6b7668', NULL, NULL, 'immediate', 0, NULL, NULL, 'has_subscription', NULL, NULL, NULL, false, false, false, false, NULL, NULL, 'Markdown', NULL, NULL, false, false, NULL, NULL, NULL, NULL, 'dark', NULL, NULL, 'INFO', 'none', NULL, 7, NULL, NULL, NULL, NULL, NULL, NULL, NULL, NULL, NULL, NULL, NULL, false, NULL, NULL, '2026-04-23 14:05:55.029', '2026-04-23 14:05:55.421') ON CONFLICT DO NOTHING;
INSERT INTO public.funnel_nodes (id, funnel_id, node_type, name, pos_x, pos_y, next_node_id, true_node_id, false_node_id, trigger_type, trigger_param, delay_type, delay_value, delay_time, delay_weekdays, condition_type, condition_value, condition_logic, conditions, channel_tg, channel_email, channel_lk, channel_push, tg_text, tg_buttons, tg_parse_mode, tg_media_url, tg_media_type, tg_pin, tg_delete_prev, email_subject, email_html, email_btn_text, email_btn_url, email_template, lk_title, lk_message, lk_type, action_type, action_value_str, action_promo_expiry, split_percent, wait_event, wait_timeout, goto_target_type, goto_target_id, http_url, http_method, http_headers, http_body, notify_channel, notify_text, repeat_enabled, repeat_interval, repeat_max, created_at, updated_at) VALUES ('1ccae0dd-ac9d-43f6-9117-1e7b2b1c2d1d', '56d94ef1-b168-4ff1-8454-e84e444ac753', 'message', 'd10', 300, 1920, NULL, NULL, NULL, NULL, NULL, 'immediate', 0, NULL, NULL, NULL, NULL, NULL, NULL, true, false, false, false, '💸 *Скидка 10% уже в твоём кабинете!*

Цены на все тарифы автоматически снижены. Действует *24 часа* — потом сгорит.

Открой ЛК и оплати со скидкой 👇', '[{"url": "{appUrl}/dashboard", "type": "webapp", "label": "🌐 Открыть ЛК"}]', 'Markdown', NULL, NULL, false, false, NULL, NULL, NULL, NULL, 'dark', NULL, NULL, 'INFO', 'promo_discount', '10', 1, NULL, NULL, NULL, NULL, NULL, NULL, NULL, NULL, NULL, NULL, NULL, false, NULL, NULL, '2026-04-23 14:05:55.085', '2026-04-23 14:05:55.085') ON CONFLICT DO NOTHING;
INSERT INTO public.funnel_nodes (id, funnel_id, node_type, name, pos_x, pos_y, next_node_id, true_node_id, false_node_id, trigger_type, trigger_param, delay_type, delay_value, delay_time, delay_weekdays, condition_type, condition_value, condition_logic, conditions, channel_tg, channel_email, channel_lk, channel_push, tg_text, tg_buttons, tg_parse_mode, tg_media_url, tg_media_type, tg_pin, tg_delete_prev, email_subject, email_html, email_btn_text, email_btn_url, email_template, lk_title, lk_message, lk_type, action_type, action_value_str, action_promo_expiry, split_percent, wait_event, wait_timeout, goto_target_type, goto_target_id, http_url, http_method, http_headers, http_body, notify_channel, notify_text, repeat_enabled, repeat_interval, repeat_max, created_at, updated_at) VALUES ('24fae14b-64ed-4afa-8eb3-fe0830b305b1', '56d94ef1-b168-4ff1-8454-e84e444ac753', 'message', 'd20', 300, 2280, NULL, NULL, NULL, NULL, NULL, 'immediate', 0, NULL, NULL, NULL, NULL, NULL, NULL, true, false, false, false, '💸 *Скидка 20% уже в твоём кабинете!*

Цены на все тарифы автоматически снижены. Действует *24 часа* — потом сгорит.

Открой ЛК и оплати со скидкой 👇', '[{"url": "{appUrl}/dashboard", "type": "webapp", "label": "🌐 Открыть ЛК"}]', 'Markdown', NULL, NULL, false, false, NULL, NULL, NULL, NULL, 'dark', NULL, NULL, 'INFO', 'promo_discount', '20', 1, NULL, NULL, NULL, NULL, NULL, NULL, NULL, NULL, NULL, NULL, NULL, false, NULL, NULL, '2026-04-23 14:05:55.117', '2026-04-23 14:05:55.117') ON CONFLICT DO NOTHING;
INSERT INTO public.funnel_nodes (id, funnel_id, node_type, name, pos_x, pos_y, next_node_id, true_node_id, false_node_id, trigger_type, trigger_param, delay_type, delay_value, delay_time, delay_weekdays, condition_type, condition_value, condition_logic, conditions, channel_tg, channel_email, channel_lk, channel_push, tg_text, tg_buttons, tg_parse_mode, tg_media_url, tg_media_type, tg_pin, tg_delete_prev, email_subject, email_html, email_btn_text, email_btn_url, email_template, lk_title, lk_message, lk_type, action_type, action_value_str, action_promo_expiry, split_percent, wait_event, wait_timeout, goto_target_type, goto_target_id, http_url, http_method, http_headers, http_body, notify_channel, notify_text, repeat_enabled, repeat_interval, repeat_max, created_at, updated_at) VALUES ('cbe9c968-010e-4c57-9039-54cf4862dec9', '56d94ef1-b168-4ff1-8454-e84e444ac753', 'message', 'd30', 300, 2640, NULL, NULL, NULL, NULL, NULL, 'immediate', 0, NULL, NULL, NULL, NULL, NULL, NULL, true, false, false, false, '💸 *Скидка 30% уже в твоём кабинете!*

Цены на все тарифы автоматически снижены. Действует *24 часа* — потом сгорит.

Открой ЛК и оплати со скидкой 👇', '[{"url": "{appUrl}/dashboard", "type": "webapp", "label": "🌐 Открыть ЛК"}]', 'Markdown', NULL, NULL, false, false, NULL, NULL, NULL, NULL, 'dark', NULL, NULL, 'INFO', 'promo_discount', '30', 1, NULL, NULL, NULL, NULL, NULL, NULL, NULL, NULL, NULL, NULL, NULL, false, NULL, NULL, '2026-04-23 14:05:55.149', '2026-04-23 14:05:55.149') ON CONFLICT DO NOTHING;
INSERT INTO public.funnel_nodes (id, funnel_id, node_type, name, pos_x, pos_y, next_node_id, true_node_id, false_node_id, trigger_type, trigger_param, delay_type, delay_value, delay_time, delay_weekdays, condition_type, condition_value, condition_logic, conditions, channel_tg, channel_email, channel_lk, channel_push, tg_text, tg_buttons, tg_parse_mode, tg_media_url, tg_media_type, tg_pin, tg_delete_prev, email_subject, email_html, email_btn_text, email_btn_url, email_template, lk_title, lk_message, lk_type, action_type, action_value_str, action_promo_expiry, split_percent, wait_event, wait_timeout, goto_target_type, goto_target_id, http_url, http_method, http_headers, http_body, notify_channel, notify_text, repeat_enabled, repeat_interval, repeat_max, created_at, updated_at) VALUES ('d1c83361-c340-4946-8c6e-d3b23fcaad54', '56d94ef1-b168-4ff1-8454-e84e444ac753', 'message', 'd40', 300, 3000, NULL, NULL, NULL, NULL, NULL, 'immediate', 0, NULL, NULL, NULL, NULL, NULL, NULL, true, false, false, false, '💸 *Скидка 40% уже в твоём кабинете!*

Цены на все тарифы автоматически снижены. Действует *24 часа* — потом сгорит.

Открой ЛК и оплати со скидкой 👇', '[{"url": "{appUrl}/dashboard", "type": "webapp", "label": "🌐 Открыть ЛК"}]', 'Markdown', NULL, NULL, false, false, NULL, NULL, NULL, NULL, 'dark', NULL, NULL, 'INFO', 'promo_discount', '40', 1, NULL, NULL, NULL, NULL, NULL, NULL, NULL, NULL, NULL, NULL, NULL, false, NULL, NULL, '2026-04-23 14:05:55.185', '2026-04-23 14:05:55.185') ON CONFLICT DO NOTHING;
INSERT INTO public.funnel_nodes (id, funnel_id, node_type, name, pos_x, pos_y, next_node_id, true_node_id, false_node_id, trigger_type, trigger_param, delay_type, delay_value, delay_time, delay_weekdays, condition_type, condition_value, condition_logic, conditions, channel_tg, channel_email, channel_lk, channel_push, tg_text, tg_buttons, tg_parse_mode, tg_media_url, tg_media_type, tg_pin, tg_delete_prev, email_subject, email_html, email_btn_text, email_btn_url, email_template, lk_title, lk_message, lk_type, action_type, action_value_str, action_promo_expiry, split_percent, wait_event, wait_timeout, goto_target_type, goto_target_id, http_url, http_method, http_headers, http_body, notify_channel, notify_text, repeat_enabled, repeat_interval, repeat_max, created_at, updated_at) VALUES ('a30cf3f8-25e3-45bc-bc00-fbda952e0d02', '56d94ef1-b168-4ff1-8454-e84e444ac753', 'message', 'd50', 300, 3360, NULL, NULL, NULL, NULL, NULL, 'immediate', 0, NULL, NULL, NULL, NULL, NULL, NULL, true, false, false, false, '💸 *Скидка 50% уже в твоём кабинете!*

Цены на все тарифы автоматически снижены. Действует *24 часа* — потом сгорит.

Открой ЛК и оплати со скидкой 👇', '[{"url": "{appUrl}/dashboard", "type": "webapp", "label": "🌐 Открыть ЛК"}]', 'Markdown', NULL, NULL, false, false, NULL, NULL, NULL, NULL, 'dark', NULL, NULL, 'INFO', 'promo_discount', '50', 1, NULL, NULL, NULL, NULL, NULL, NULL, NULL, NULL, NULL, NULL, NULL, false, NULL, NULL, '2026-04-23 14:05:55.24', '2026-04-23 14:05:55.24') ON CONFLICT DO NOTHING;
INSERT INTO public.funnel_nodes (id, funnel_id, node_type, name, pos_x, pos_y, next_node_id, true_node_id, false_node_id, trigger_type, trigger_param, delay_type, delay_value, delay_time, delay_weekdays, condition_type, condition_value, condition_logic, conditions, channel_tg, channel_email, channel_lk, channel_push, tg_text, tg_buttons, tg_parse_mode, tg_media_url, tg_media_type, tg_pin, tg_delete_prev, email_subject, email_html, email_btn_text, email_btn_url, email_template, lk_title, lk_message, lk_type, action_type, action_value_str, action_promo_expiry, split_percent, wait_event, wait_timeout, goto_target_type, goto_target_id, http_url, http_method, http_headers, http_body, notify_channel, notify_text, repeat_enabled, repeat_interval, repeat_max, created_at, updated_at) VALUES ('b4df276e-e3e3-41ce-86b6-3db8b2577968', '56d94ef1-b168-4ff1-8454-e84e444ac753', 'stop', 'Стоп', 300, 3840, NULL, NULL, NULL, NULL, NULL, 'immediate', 0, NULL, NULL, NULL, NULL, NULL, NULL, false, false, false, false, NULL, NULL, 'Markdown', NULL, NULL, false, false, NULL, NULL, NULL, NULL, 'dark', NULL, NULL, 'INFO', 'none', NULL, 7, NULL, NULL, NULL, NULL, NULL, NULL, NULL, NULL, NULL, NULL, NULL, false, NULL, NULL, '2026-04-23 14:05:55.279', '2026-04-23 14:05:55.279') ON CONFLICT DO NOTHING;
INSERT INTO public.funnel_nodes (id, funnel_id, node_type, name, pos_x, pos_y, next_node_id, true_node_id, false_node_id, trigger_type, trigger_param, delay_type, delay_value, delay_time, delay_weekdays, condition_type, condition_value, condition_logic, conditions, channel_tg, channel_email, channel_lk, channel_push, tg_text, tg_buttons, tg_parse_mode, tg_media_url, tg_media_type, tg_pin, tg_delete_prev, email_subject, email_html, email_btn_text, email_btn_url, email_template, lk_title, lk_message, lk_type, action_type, action_value_str, action_promo_expiry, split_percent, wait_event, wait_timeout, goto_target_type, goto_target_id, http_url, http_method, http_headers, http_body, notify_channel, notify_text, repeat_enabled, repeat_interval, repeat_max, created_at, updated_at) VALUES ('5263aa11-c88f-414d-b814-8018cb6b7668', '56d94ef1-b168-4ff1-8454-e84e444ac753', 'message', 'm5', 300, 1560, '578e0baa-6b39-40d4-b075-0d0ae6d93462', NULL, NULL, NULL, NULL, 'immediate', 0, NULL, NULL, NULL, NULL, NULL, NULL, true, false, false, false, '⏳ *8 дней без VPN*

Последнее дружеское напоминание перед специальным предложением…', '[{"url": "{appUrl}/dashboard", "type": "webapp", "label": "🌐 Продлить"}]', 'Markdown', NULL, NULL, false, false, NULL, NULL, NULL, NULL, 'dark', NULL, NULL, 'INFO', 'none', NULL, 7, NULL, NULL, NULL, NULL, NULL, NULL, NULL, NULL, NULL, NULL, NULL, false, NULL, NULL, '2026-04-23 14:05:55.039', '2026-04-23 14:05:55.435') ON CONFLICT DO NOTHING;
INSERT INTO public.funnel_nodes (id, funnel_id, node_type, name, pos_x, pos_y, next_node_id, true_node_id, false_node_id, trigger_type, trigger_param, delay_type, delay_value, delay_time, delay_weekdays, condition_type, condition_value, condition_logic, conditions, channel_tg, channel_email, channel_lk, channel_push, tg_text, tg_buttons, tg_parse_mode, tg_media_url, tg_media_type, tg_pin, tg_delete_prev, email_subject, email_html, email_btn_text, email_btn_url, email_template, lk_title, lk_message, lk_type, action_type, action_value_str, action_promo_expiry, split_percent, wait_event, wait_timeout, goto_target_type, goto_target_id, http_url, http_method, http_headers, http_body, notify_channel, notify_text, repeat_enabled, repeat_interval, repeat_max, created_at, updated_at) VALUES ('0985f738-b631-42f5-bd61-1e977b938c52', '56d94ef1-b168-4ff1-8454-e84e444ac753', 'delay', 'd6', 300, 2040, '816ccbcb-b48f-493d-9519-c8b5c5daad5d', NULL, NULL, NULL, NULL, 'days', 2, NULL, NULL, NULL, NULL, NULL, NULL, false, false, false, false, NULL, NULL, 'Markdown', NULL, NULL, false, false, NULL, NULL, NULL, NULL, 'dark', NULL, NULL, 'INFO', 'none', NULL, 7, NULL, NULL, NULL, NULL, NULL, NULL, NULL, NULL, NULL, NULL, NULL, false, NULL, NULL, '2026-04-23 14:05:55.095', '2026-04-23 14:05:55.471') ON CONFLICT DO NOTHING;
INSERT INTO public.funnel_nodes (id, funnel_id, node_type, name, pos_x, pos_y, next_node_id, true_node_id, false_node_id, trigger_type, trigger_param, delay_type, delay_value, delay_time, delay_weekdays, condition_type, condition_value, condition_logic, conditions, channel_tg, channel_email, channel_lk, channel_push, tg_text, tg_buttons, tg_parse_mode, tg_media_url, tg_media_type, tg_pin, tg_delete_prev, email_subject, email_html, email_btn_text, email_btn_url, email_template, lk_title, lk_message, lk_type, action_type, action_value_str, action_promo_expiry, split_percent, wait_event, wait_timeout, goto_target_type, goto_target_id, http_url, http_method, http_headers, http_body, notify_channel, notify_text, repeat_enabled, repeat_interval, repeat_max, created_at, updated_at) VALUES ('816ccbcb-b48f-493d-9519-c8b5c5daad5d', '56d94ef1-b168-4ff1-8454-e84e444ac753', 'condition', 'g6', 300, 2160, NULL, 'b4df276e-e3e3-41ce-86b6-3db8b2577968', '24fae14b-64ed-4afa-8eb3-fe0830b305b1', NULL, NULL, 'immediate', 0, NULL, NULL, 'has_subscription', NULL, NULL, NULL, false, false, false, false, NULL, NULL, 'Markdown', NULL, NULL, false, false, NULL, NULL, NULL, NULL, 'dark', NULL, NULL, 'INFO', 'none', NULL, 7, NULL, NULL, NULL, NULL, NULL, NULL, NULL, NULL, NULL, NULL, NULL, false, NULL, NULL, '2026-04-23 14:05:55.109', '2026-04-23 14:05:55.505') ON CONFLICT DO NOTHING;
INSERT INTO public.funnel_nodes (id, funnel_id, node_type, name, pos_x, pos_y, next_node_id, true_node_id, false_node_id, trigger_type, trigger_param, delay_type, delay_value, delay_time, delay_weekdays, condition_type, condition_value, condition_logic, conditions, channel_tg, channel_email, channel_lk, channel_push, tg_text, tg_buttons, tg_parse_mode, tg_media_url, tg_media_type, tg_pin, tg_delete_prev, email_subject, email_html, email_btn_text, email_btn_url, email_template, lk_title, lk_message, lk_type, action_type, action_value_str, action_promo_expiry, split_percent, wait_event, wait_timeout, goto_target_type, goto_target_id, http_url, http_method, http_headers, http_body, notify_channel, notify_text, repeat_enabled, repeat_interval, repeat_max, created_at, updated_at) VALUES ('706f6bfd-978e-47ff-a50a-bf14b05af85d', '56d94ef1-b168-4ff1-8454-e84e444ac753', 'delay', 'd7', 300, 2400, 'bb6dbeb0-5111-4151-888b-a4c940a21367', NULL, NULL, NULL, NULL, 'days', 2, NULL, NULL, NULL, NULL, NULL, NULL, false, false, false, false, NULL, NULL, 'Markdown', NULL, NULL, false, false, NULL, NULL, NULL, NULL, 'dark', NULL, NULL, 'INFO', 'none', NULL, 7, NULL, NULL, NULL, NULL, NULL, NULL, NULL, NULL, NULL, NULL, NULL, false, NULL, NULL, '2026-04-23 14:05:55.131', '2026-04-23 14:05:55.529') ON CONFLICT DO NOTHING;
INSERT INTO public.funnel_nodes (id, funnel_id, node_type, name, pos_x, pos_y, next_node_id, true_node_id, false_node_id, trigger_type, trigger_param, delay_type, delay_value, delay_time, delay_weekdays, condition_type, condition_value, condition_logic, conditions, channel_tg, channel_email, channel_lk, channel_push, tg_text, tg_buttons, tg_parse_mode, tg_media_url, tg_media_type, tg_pin, tg_delete_prev, email_subject, email_html, email_btn_text, email_btn_url, email_template, lk_title, lk_message, lk_type, action_type, action_value_str, action_promo_expiry, split_percent, wait_event, wait_timeout, goto_target_type, goto_target_id, http_url, http_method, http_headers, http_body, notify_channel, notify_text, repeat_enabled, repeat_interval, repeat_max, created_at, updated_at) VALUES ('bb6dbeb0-5111-4151-888b-a4c940a21367', '56d94ef1-b168-4ff1-8454-e84e444ac753', 'condition', 'g7', 300, 2520, NULL, 'b4df276e-e3e3-41ce-86b6-3db8b2577968', 'cbe9c968-010e-4c57-9039-54cf4862dec9', NULL, NULL, 'immediate', 0, NULL, NULL, 'has_subscription', NULL, NULL, NULL, false, false, false, false, NULL, NULL, 'Markdown', NULL, NULL, false, false, NULL, NULL, NULL, NULL, 'dark', NULL, NULL, 'INFO', 'none', NULL, 7, NULL, NULL, NULL, NULL, NULL, NULL, NULL, NULL, NULL, NULL, NULL, false, NULL, NULL, '2026-04-23 14:05:55.14', '2026-04-23 14:05:55.552') ON CONFLICT DO NOTHING;
INSERT INTO public.funnel_nodes (id, funnel_id, node_type, name, pos_x, pos_y, next_node_id, true_node_id, false_node_id, trigger_type, trigger_param, delay_type, delay_value, delay_time, delay_weekdays, condition_type, condition_value, condition_logic, conditions, channel_tg, channel_email, channel_lk, channel_push, tg_text, tg_buttons, tg_parse_mode, tg_media_url, tg_media_type, tg_pin, tg_delete_prev, email_subject, email_html, email_btn_text, email_btn_url, email_template, lk_title, lk_message, lk_type, action_type, action_value_str, action_promo_expiry, split_percent, wait_event, wait_timeout, goto_target_type, goto_target_id, http_url, http_method, http_headers, http_body, notify_channel, notify_text, repeat_enabled, repeat_interval, repeat_max, created_at, updated_at) VALUES ('d3e79b98-29e9-4c7b-a7dd-e50f7835544e', '56d94ef1-b168-4ff1-8454-e84e444ac753', 'delay', 'd8', 300, 2760, '16478d92-fcc9-4336-8a00-47e21a79dcde', NULL, NULL, NULL, NULL, 'days', 2, NULL, NULL, NULL, NULL, NULL, NULL, false, false, false, false, NULL, NULL, 'Markdown', NULL, NULL, false, false, NULL, NULL, NULL, NULL, 'dark', NULL, NULL, 'INFO', 'none', NULL, 7, NULL, NULL, NULL, NULL, NULL, NULL, NULL, NULL, NULL, NULL, NULL, false, NULL, NULL, '2026-04-23 14:05:55.159', '2026-04-23 14:05:55.57') ON CONFLICT DO NOTHING;
INSERT INTO public.funnel_nodes (id, funnel_id, node_type, name, pos_x, pos_y, next_node_id, true_node_id, false_node_id, trigger_type, trigger_param, delay_type, delay_value, delay_time, delay_weekdays, condition_type, condition_value, condition_logic, conditions, channel_tg, channel_email, channel_lk, channel_push, tg_text, tg_buttons, tg_parse_mode, tg_media_url, tg_media_type, tg_pin, tg_delete_prev, email_subject, email_html, email_btn_text, email_btn_url, email_template, lk_title, lk_message, lk_type, action_type, action_value_str, action_promo_expiry, split_percent, wait_event, wait_timeout, goto_target_type, goto_target_id, http_url, http_method, http_headers, http_body, notify_channel, notify_text, repeat_enabled, repeat_interval, repeat_max, created_at, updated_at) VALUES ('16478d92-fcc9-4336-8a00-47e21a79dcde', '56d94ef1-b168-4ff1-8454-e84e444ac753', 'condition', 'g8', 300, 2880, NULL, 'b4df276e-e3e3-41ce-86b6-3db8b2577968', 'd1c83361-c340-4946-8c6e-d3b23fcaad54', NULL, NULL, 'immediate', 0, NULL, NULL, 'has_subscription', NULL, NULL, NULL, false, false, false, false, NULL, NULL, 'Markdown', NULL, NULL, false, false, NULL, NULL, NULL, NULL, 'dark', NULL, NULL, 'INFO', 'none', NULL, 7, NULL, NULL, NULL, NULL, NULL, NULL, NULL, NULL, NULL, NULL, NULL, false, NULL, NULL, '2026-04-23 14:05:55.172', '2026-04-23 14:05:55.581') ON CONFLICT DO NOTHING;
INSERT INTO public.funnel_nodes (id, funnel_id, node_type, name, pos_x, pos_y, next_node_id, true_node_id, false_node_id, trigger_type, trigger_param, delay_type, delay_value, delay_time, delay_weekdays, condition_type, condition_value, condition_logic, conditions, channel_tg, channel_email, channel_lk, channel_push, tg_text, tg_buttons, tg_parse_mode, tg_media_url, tg_media_type, tg_pin, tg_delete_prev, email_subject, email_html, email_btn_text, email_btn_url, email_template, lk_title, lk_message, lk_type, action_type, action_value_str, action_promo_expiry, split_percent, wait_event, wait_timeout, goto_target_type, goto_target_id, http_url, http_method, http_headers, http_body, notify_channel, notify_text, repeat_enabled, repeat_interval, repeat_max, created_at, updated_at) VALUES ('9d9e7e31-ebec-405a-9557-38382e2f78f0', '56d94ef1-b168-4ff1-8454-e84e444ac753', 'delay', 'd9', 300, 3120, '045abdd8-987c-41eb-8d51-be144c28a731', NULL, NULL, NULL, NULL, 'days', 2, NULL, NULL, NULL, NULL, NULL, NULL, false, false, false, false, NULL, NULL, 'Markdown', NULL, NULL, false, false, NULL, NULL, NULL, NULL, 'dark', NULL, NULL, 'INFO', 'none', NULL, 7, NULL, NULL, NULL, NULL, NULL, NULL, NULL, NULL, NULL, NULL, NULL, false, NULL, NULL, '2026-04-23 14:05:55.194', '2026-04-23 14:05:55.593') ON CONFLICT DO NOTHING;
INSERT INTO public.funnel_nodes (id, funnel_id, node_type, name, pos_x, pos_y, next_node_id, true_node_id, false_node_id, trigger_type, trigger_param, delay_type, delay_value, delay_time, delay_weekdays, condition_type, condition_value, condition_logic, conditions, channel_tg, channel_email, channel_lk, channel_push, tg_text, tg_buttons, tg_parse_mode, tg_media_url, tg_media_type, tg_pin, tg_delete_prev, email_subject, email_html, email_btn_text, email_btn_url, email_template, lk_title, lk_message, lk_type, action_type, action_value_str, action_promo_expiry, split_percent, wait_event, wait_timeout, goto_target_type, goto_target_id, http_url, http_method, http_headers, http_body, notify_channel, notify_text, repeat_enabled, repeat_interval, repeat_max, created_at, updated_at) VALUES ('045abdd8-987c-41eb-8d51-be144c28a731', '56d94ef1-b168-4ff1-8454-e84e444ac753', 'condition', 'g9', 300, 3240, NULL, 'b4df276e-e3e3-41ce-86b6-3db8b2577968', 'a30cf3f8-25e3-45bc-bc00-fbda952e0d02', NULL, NULL, 'immediate', 0, NULL, NULL, 'has_subscription', NULL, NULL, NULL, false, false, false, false, NULL, NULL, 'Markdown', NULL, NULL, false, false, NULL, NULL, NULL, NULL, 'dark', NULL, NULL, 'INFO', 'none', NULL, 7, NULL, NULL, NULL, NULL, NULL, NULL, NULL, NULL, NULL, NULL, NULL, false, NULL, NULL, '2026-04-23 14:05:55.202', '2026-04-23 14:05:55.602') ON CONFLICT DO NOTHING;
INSERT INTO public.funnel_nodes (id, funnel_id, node_type, name, pos_x, pos_y, next_node_id, true_node_id, false_node_id, trigger_type, trigger_param, delay_type, delay_value, delay_time, delay_weekdays, condition_type, condition_value, condition_logic, conditions, channel_tg, channel_email, channel_lk, channel_push, tg_text, tg_buttons, tg_parse_mode, tg_media_url, tg_media_type, tg_pin, tg_delete_prev, email_subject, email_html, email_btn_text, email_btn_url, email_template, lk_title, lk_message, lk_type, action_type, action_value_str, action_promo_expiry, split_percent, wait_event, wait_timeout, goto_target_type, goto_target_id, http_url, http_method, http_headers, http_body, notify_channel, notify_text, repeat_enabled, repeat_interval, repeat_max, created_at, updated_at) VALUES ('c4c32dc8-6c1e-41c2-8082-63879d63ae7e', '56d94ef1-b168-4ff1-8454-e84e444ac753', 'delay', 'd11', 300, 3480, 'ba287c13-fec6-4c06-9032-f2fa783ebcef', NULL, NULL, NULL, NULL, 'days', 2, NULL, NULL, NULL, NULL, NULL, NULL, false, false, false, false, NULL, NULL, 'Markdown', NULL, NULL, false, false, NULL, NULL, NULL, NULL, 'dark', NULL, NULL, 'INFO', 'none', NULL, 7, NULL, NULL, NULL, NULL, NULL, NULL, NULL, NULL, NULL, NULL, NULL, false, NULL, NULL, '2026-04-23 14:05:55.252', '2026-04-23 14:05:55.612') ON CONFLICT DO NOTHING;
INSERT INTO public.funnel_nodes (id, funnel_id, node_type, name, pos_x, pos_y, next_node_id, true_node_id, false_node_id, trigger_type, trigger_param, delay_type, delay_value, delay_time, delay_weekdays, condition_type, condition_value, condition_logic, conditions, channel_tg, channel_email, channel_lk, channel_push, tg_text, tg_buttons, tg_parse_mode, tg_media_url, tg_media_type, tg_pin, tg_delete_prev, email_subject, email_html, email_btn_text, email_btn_url, email_template, lk_title, lk_message, lk_type, action_type, action_value_str, action_promo_expiry, split_percent, wait_event, wait_timeout, goto_target_type, goto_target_id, http_url, http_method, http_headers, http_body, notify_channel, notify_text, repeat_enabled, repeat_interval, repeat_max, created_at, updated_at) VALUES ('ba287c13-fec6-4c06-9032-f2fa783ebcef', '56d94ef1-b168-4ff1-8454-e84e444ac753', 'condition', 'g10', 300, 3600, NULL, 'b4df276e-e3e3-41ce-86b6-3db8b2577968', '097f776d-259c-4340-b4d1-45d708f3f139', NULL, NULL, 'immediate', 0, NULL, NULL, 'has_subscription', NULL, NULL, NULL, false, false, false, false, NULL, NULL, 'Markdown', NULL, NULL, false, false, NULL, NULL, NULL, NULL, 'dark', NULL, NULL, 'INFO', 'none', NULL, 7, NULL, NULL, NULL, NULL, NULL, NULL, NULL, NULL, NULL, NULL, NULL, false, NULL, NULL, '2026-04-23 14:05:55.259', '2026-04-23 14:05:55.625') ON CONFLICT DO NOTHING;
INSERT INTO public.funnel_nodes (id, funnel_id, node_type, name, pos_x, pos_y, next_node_id, true_node_id, false_node_id, trigger_type, trigger_param, delay_type, delay_value, delay_time, delay_weekdays, condition_type, condition_value, condition_logic, conditions, channel_tg, channel_email, channel_lk, channel_push, tg_text, tg_buttons, tg_parse_mode, tg_media_url, tg_media_type, tg_pin, tg_delete_prev, email_subject, email_html, email_btn_text, email_btn_url, email_template, lk_title, lk_message, lk_type, action_type, action_value_str, action_promo_expiry, split_percent, wait_event, wait_timeout, goto_target_type, goto_target_id, http_url, http_method, http_headers, http_body, notify_channel, notify_text, repeat_enabled, repeat_interval, repeat_max, created_at, updated_at) VALUES ('097f776d-259c-4340-b4d1-45d708f3f139', '56d94ef1-b168-4ff1-8454-e84e444ac753', 'message', 'Подарок 5 дней', 300, 3720, 'b4df276e-e3e3-41ce-86b6-3db8b2577968', NULL, NULL, NULL, NULL, 'immediate', 0, NULL, NULL, NULL, NULL, NULL, NULL, true, false, false, false, '🎁 *Держи 5 дней подписки в подарок!*

Мы просто хотим, чтобы ты попробовал снова. Дни уже добавлены в твой кабинет — заходи и пользуйся.', '[{"url": "{appUrl}/dashboard", "type": "webapp", "label": "🌐 Открыть ЛК"}]', 'Markdown', NULL, NULL, false, false, NULL, NULL, NULL, NULL, 'dark', NULL, NULL, 'INFO', 'bonus_days', '5', 7, NULL, NULL, NULL, NULL, NULL, NULL, NULL, NULL, NULL, NULL, NULL, false, NULL, NULL, '2026-04-23 14:05:55.269', '2026-04-23 14:05:55.642') ON CONFLICT DO NOTHING;


--
-- PostgreSQL database dump complete
--

\unrestrict RA75bDfDWs8BL08anOn0bYzr9TNt1HSkAhp0w7leyNFbyhnQZZR9H1vQb4BE4Lc

